priority,fips,county,rural_tract_count,all_eligible_tract_count,in_existing_msa_shed_pack,source,confidence
1,01015,Calhoun,16,16,N,IRS Rev. Proc. 2026-14 appendix (/workspace/rp-26-14-appendix.xlsx) Rural Status=Rural; cross-check /workspace/oz2-other-msas-rural-eligible.csv,high (official appendix; eligible != designated)
2,01047,Dallas,15,15,N,IRS Rev. Proc. 2026-14 appendix (/workspace/rp-26-14-appendix.xlsx) Rural Status=Rural; cross-check /workspace/oz2-other-msas-rural-eligible.csv,high (official appendix; eligible != designated)
3,01049,DeKalb,13,13,N,IRS Rev. Proc. 2026-14 appendix (/workspace/rp-26-14-appendix.xlsx) Rural Status=Rural; cross-check /workspace/oz2-other-msas-rural-eligible.csv,high (official appendix; eligible != designated)
4,01055,Etowah,13,13,N,IRS Rev. Proc. 2026-14 appendix (/workspace/rp-26-14-appendix.xlsx) Rural Status=Rural; cross-check /workspace/oz2-other-msas-rural-eligible.csv,high (official appendix; eligible != designated)
5,01121,Talladega,12,12,Y,IRS Rev. Proc. 2026-14 appendix (/workspace/rp-26-14-appendix.xlsx) Rural Status=Rural; cross-check /workspace/oz2-other-msas-rural-eligible.csv,high (official appendix; eligible != designated)
6,01127,Walker,11,11,Y,IRS Rev. Proc. 2026-14 appendix (/workspace/rp-26-14-appendix.xlsx) Rural Status=Rural; cross-check /workspace/oz2-other-msas-rural-eligible.csv,high (official appendix; eligible != designated)
7,01087,Macon,11,11,N,IRS Rev. Proc. 2026-14 appendix (/workspace/rp-26-14-appendix.xlsx) Rural Status=Rural; cross-check /workspace/oz2-other-msas-rural-eligible.csv,high (official appendix; eligible != designated)
8,01083,Limestone,8,8,Y,IRS Rev. Proc. 2026-14 appendix (/workspace/rp-26-14-appendix.xlsx) Rural Status=Rural; cross-check /workspace/oz2-other-msas-rural-eligible.csv,high (official appendix; eligible != designated)
9,01071,Jackson,7,7,Y,IRS Rev. Proc. 2026-14 appendix (/workspace/rp-26-14-appendix.xlsx) Rural Status=Rural; cross-check /workspace/oz2-other-msas-rural-eligible.csv,high (official appendix; eligible != designated)
10,01005,Barbour,7,7,N,IRS Rev. Proc. 2026-14 appendix (/workspace/rp-26-14-appendix.xlsx) Rural Status=Rural; cross-check /workspace/oz2-other-msas-rural-eligible.csv,high (official appendix; eligible != designated)
11,01031,Coffee,7,7,N,IRS Rev. Proc. 2026-14 appendix (/workspace/rp-26-14-appendix.xlsx) Rural Status=Rural; cross-check /workspace/oz2-other-msas-rural-eligible.csv,high (official appendix; eligible != designated)
12,01039,Covington,7,7,N,IRS Rev. Proc. 2026-14 appendix (/workspace/rp-26-14-appendix.xlsx) Rural Status=Rural; cross-check /workspace/oz2-other-msas-rural-eligible.csv,high (official appendix; eligible != designated)
13,01059,Franklin,7,7,N,IRS Rev. Proc. 2026-14 appendix (/workspace/rp-26-14-appendix.xlsx) Rural Status=Rural; cross-check /workspace/oz2-other-msas-rural-eligible.csv,high (official appendix; eligible != designated)
14,01077,Lauderdale,7,7,N,IRS Rev. Proc. 2026-14 appendix (/workspace/rp-26-14-appendix.xlsx) Rural Status=Rural; cross-check /workspace/oz2-other-msas-rural-eligible.csv,high (official appendix; eligible != designated)
15,01053,Escambia,6,6,Y,IRS Rev. Proc. 2026-14 appendix (/workspace/rp-26-14-appendix.xlsx) Rural Status=Rural; cross-check /workspace/oz2-other-msas-rural-eligible.csv,high (official appendix; eligible != designated)
16,01095,Marshall,6,6,Y,IRS Rev. Proc. 2026-14 appendix (/workspace/rp-26-14-appendix.xlsx) Rural Status=Rural; cross-check /workspace/oz2-other-msas-rural-eligible.csv,high (official appendix; eligible != designated)
17,01013,Butler,6,6,N,IRS Rev. Proc. 2026-14 appendix (/workspace/rp-26-14-appendix.xlsx) Rural Status=Rural; cross-check /workspace/oz2-other-msas-rural-eligible.csv,high (official appendix; eligible != designated)
18,01017,Chambers,6,6,N,IRS Rev. Proc. 2026-14 appendix (/workspace/rp-26-14-appendix.xlsx) Rural Status=Rural; cross-check /workspace/oz2-other-msas-rural-eligible.csv,high (official appendix; eligible != designated)
19,01033,Colbert,6,6,N,IRS Rev. Proc. 2026-14 appendix (/workspace/rp-26-14-appendix.xlsx) Rural Status=Rural; cross-check /workspace/oz2-other-msas-rural-eligible.csv,high (official appendix; eligible != designated)
20,01091,Marengo,6,6,N,IRS Rev. Proc. 2026-14 appendix (/workspace/rp-26-14-appendix.xlsx) Rural Status=Rural; cross-check /workspace/oz2-other-msas-rural-eligible.csv,high (official appendix; eligible != designated)
21,01025,Clarke,5,5,N,IRS Rev. Proc. 2026-14 appendix (/workspace/rp-26-14-appendix.xlsx) Rural Status=Rural; cross-check /workspace/oz2-other-msas-rural-eligible.csv,high (official appendix; eligible != designated)
22,01045,Dale,5,6,N,IRS Rev. Proc. 2026-14 appendix (/workspace/rp-26-14-appendix.xlsx) Rural Status=Rural; cross-check /workspace/oz2-other-msas-rural-eligible.csv,high (official appendix; eligible != designated)
23,01093,Marion,5,5,N,IRS Rev. Proc. 2026-14 appendix (/workspace/rp-26-14-appendix.xlsx) Rural Status=Rural; cross-check /workspace/oz2-other-msas-rural-eligible.csv,high (official appendix; eligible != designated)
24,01099,Monroe,5,5,N,IRS Rev. Proc. 2026-14 appendix (/workspace/rp-26-14-appendix.xlsx) Rural Status=Rural; cross-check /workspace/oz2-other-msas-rural-eligible.csv,high (official appendix; eligible != designated)
25,01003,Baldwin,4,4,Y,IRS Rev. Proc. 2026-14 appendix (/workspace/rp-26-14-appendix.xlsx) Rural Status=Rural; cross-check /workspace/oz2-other-msas-rural-eligible.csv,high (official appendix; eligible != designated)
26,01007,Bibb,4,4,Y,IRS Rev. Proc. 2026-14 appendix (/workspace/rp-26-14-appendix.xlsx) Rural Status=Rural; cross-check /workspace/oz2-other-msas-rural-eligible.csv,high (official appendix; eligible != designated)
27,01009,Blount,4,4,Y,IRS Rev. Proc. 2026-14 appendix (/workspace/rp-26-14-appendix.xlsx) Rural Status=Rural; cross-check /workspace/oz2-other-msas-rural-eligible.csv,high (official appendix; eligible != designated)
28,01043,Cullman,4,4,Y,IRS Rev. Proc. 2026-14 appendix (/workspace/rp-26-14-appendix.xlsx) Rural Status=Rural; cross-check /workspace/oz2-other-msas-rural-eligible.csv,high (official appendix; eligible != designated)
29,01115,St. Clair,4,4,Y,IRS Rev. Proc. 2026-14 appendix (/workspace/rp-26-14-appendix.xlsx) Rural Status=Rural; cross-check /workspace/oz2-other-msas-rural-eligible.csv,high (official appendix; eligible != designated)
30,01011,Bullock,4,4,N,IRS Rev. Proc. 2026-14 appendix (/workspace/rp-26-14-appendix.xlsx) Rural Status=Rural; cross-check /workspace/oz2-other-msas-rural-eligible.csv,high (official appendix; eligible != designated)
31,01035,Conecuh,4,4,N,IRS Rev. Proc. 2026-14 appendix (/workspace/rp-26-14-appendix.xlsx) Rural Status=Rural; cross-check /workspace/oz2-other-msas-rural-eligible.csv,high (official appendix; eligible != designated)
32,01063,Greene,4,4,N,IRS Rev. Proc. 2026-14 appendix (/workspace/rp-26-14-appendix.xlsx) Rural Status=Rural; cross-check /workspace/oz2-other-msas-rural-eligible.csv,high (official appendix; eligible != designated)
33,01109,Pike,4,4,N,IRS Rev. Proc. 2026-14 appendix (/workspace/rp-26-14-appendix.xlsx) Rural Status=Rural; cross-check /workspace/oz2-other-msas-rural-eligible.csv,high (official appendix; eligible != designated)
34,01119,Sumter,4,4,N,IRS Rev. Proc. 2026-14 appendix (/workspace/rp-26-14-appendix.xlsx) Rural Status=Rural; cross-check /workspace/oz2-other-msas-rural-eligible.csv,high (official appendix; eligible != designated)
35,01123,Tallapoosa,4,4,N,IRS Rev. Proc. 2026-14 appendix (/workspace/rp-26-14-appendix.xlsx) Rural Status=Rural; cross-check /workspace/oz2-other-msas-rural-eligible.csv,high (official appendix; eligible != designated)
36,01131,Wilcox,4,4,N,IRS Rev. Proc. 2026-14 appendix (/workspace/rp-26-14-appendix.xlsx) Rural Status=Rural; cross-check /workspace/oz2-other-msas-rural-eligible.csv,high (official appendix; eligible != designated)
37,01089,Madison,3,26,Y,IRS Rev. Proc. 2026-14 appendix (/workspace/rp-26-14-appendix.xlsx) Rural Status=Rural; cross-check /workspace/oz2-other-msas-rural-eligible.csv,high (official appendix; eligible != designated)
38,01097,Mobile,3,54,Y,IRS Rev. Proc. 2026-14 appendix (/workspace/rp-26-14-appendix.xlsx) Rural Status=Rural; cross-check /workspace/oz2-other-msas-rural-eligible.csv,high (official appendix; eligible != designated)
39,01103,Morgan,3,7,Y,IRS Rev. Proc. 2026-14 appendix (/workspace/rp-26-14-appendix.xlsx) Rural Status=Rural; cross-check /workspace/oz2-other-msas-rural-eligible.csv,high (official appendix; eligible != designated)
40,01051,Elmore,3,3,N,IRS Rev. Proc. 2026-14 appendix (/workspace/rp-26-14-appendix.xlsx) Rural Status=Rural; cross-check /workspace/oz2-other-msas-rural-eligible.csv,high (official appendix; eligible != designated)
41,01057,Fayette,3,3,N,IRS Rev. Proc. 2026-14 appendix (/workspace/rp-26-14-appendix.xlsx) Rural Status=Rural; cross-check /workspace/oz2-other-msas-rural-eligible.csv,high (official appendix; eligible != designated)
42,01065,Hale,3,3,N,IRS Rev. Proc. 2026-14 appendix (/workspace/rp-26-14-appendix.xlsx) Rural Status=Rural; cross-check /workspace/oz2-other-msas-rural-eligible.csv,high (official appendix; eligible != designated)
43,01085,Lowndes,3,3,N,IRS Rev. Proc. 2026-14 appendix (/workspace/rp-26-14-appendix.xlsx) Rural Status=Rural; cross-check /workspace/oz2-other-msas-rural-eligible.csv,high (official appendix; eligible != designated)
44,01105,Perry,3,3,N,IRS Rev. Proc. 2026-14 appendix (/workspace/rp-26-14-appendix.xlsx) Rural Status=Rural; cross-check /workspace/oz2-other-msas-rural-eligible.csv,high (official appendix; eligible != designated)
45,01107,Pickens,3,3,N,IRS Rev. Proc. 2026-14 appendix (/workspace/rp-26-14-appendix.xlsx) Rural Status=Rural; cross-check /workspace/oz2-other-msas-rural-eligible.csv,high (official appendix; eligible != designated)
46,01111,Randolph,3,3,N,IRS Rev. Proc. 2026-14 appendix (/workspace/rp-26-14-appendix.xlsx) Rural Status=Rural; cross-check /workspace/oz2-other-msas-rural-eligible.csv,high (official appendix; eligible != designated)
47,01133,Winston,3,3,N,IRS Rev. Proc. 2026-14 appendix (/workspace/rp-26-14-appendix.xlsx) Rural Status=Rural; cross-check /workspace/oz2-other-msas-rural-eligible.csv,high (official appendix; eligible != designated)
48,01001,Autauga,2,2,N,IRS Rev. Proc. 2026-14 appendix (/workspace/rp-26-14-appendix.xlsx) Rural Status=Rural; cross-check /workspace/oz2-other-msas-rural-eligible.csv,high (official appendix; eligible != designated)
49,01019,Cherokee,2,2,N,IRS Rev. Proc. 2026-14 appendix (/workspace/rp-26-14-appendix.xlsx) Rural Status=Rural; cross-check /workspace/oz2-other-msas-rural-eligible.csv,high (official appendix; eligible != designated)
50,01023,Choctaw,2,2,N,IRS Rev. Proc. 2026-14 appendix (/workspace/rp-26-14-appendix.xlsx) Rural Status=Rural; cross-check /workspace/oz2-other-msas-rural-eligible.csv,high (official appendix; eligible != designated)
51,01027,Clay,2,2,N,IRS Rev. Proc. 2026-14 appendix (/workspace/rp-26-14-appendix.xlsx) Rural Status=Rural; cross-check /workspace/oz2-other-msas-rural-eligible.csv,high (official appendix; eligible != designated)
52,01041,Crenshaw,2,2,N,IRS Rev. Proc. 2026-14 appendix (/workspace/rp-26-14-appendix.xlsx) Rural Status=Rural; cross-check /workspace/oz2-other-msas-rural-eligible.csv,high (official appendix; eligible != designated)
53,01061,Geneva,2,2,N,IRS Rev. Proc. 2026-14 appendix (/workspace/rp-26-14-appendix.xlsx) Rural Status=Rural; cross-check /workspace/oz2-other-msas-rural-eligible.csv,high (official appendix; eligible != designated)
54,01067,Henry,2,2,N,IRS Rev. Proc. 2026-14 appendix (/workspace/rp-26-14-appendix.xlsx) Rural Status=Rural; cross-check /workspace/oz2-other-msas-rural-eligible.csv,high (official appendix; eligible != designated)
55,01075,Lamar,2,2,N,IRS Rev. Proc. 2026-14 appendix (/workspace/rp-26-14-appendix.xlsx) Rural Status=Rural; cross-check /workspace/oz2-other-msas-rural-eligible.csv,high (official appendix; eligible != designated)
56,01079,Lawrence,2,2,N,IRS Rev. Proc. 2026-14 appendix (/workspace/rp-26-14-appendix.xlsx) Rural Status=Rural; cross-check /workspace/oz2-other-msas-rural-eligible.csv,high (official appendix; eligible != designated)
57,01021,Chilton,1,1,Y,IRS Rev. Proc. 2026-14 appendix (/workspace/rp-26-14-appendix.xlsx) Rural Status=Rural; cross-check /workspace/oz2-other-msas-rural-eligible.csv,high (official appendix; eligible != designated)
58,01073,Jefferson,1,85,Y,IRS Rev. Proc. 2026-14 appendix (/workspace/rp-26-14-appendix.xlsx) Rural Status=Rural; cross-check /workspace/oz2-other-msas-rural-eligible.csv,high (official appendix; eligible != designated)
59,01117,Shelby,1,2,Y,IRS Rev. Proc. 2026-14 appendix (/workspace/rp-26-14-appendix.xlsx) Rural Status=Rural; cross-check /workspace/oz2-other-msas-rural-eligible.csv,high (official appendix; eligible != designated)
60,01129,Washington,1,1,Y,IRS Rev. Proc. 2026-14 appendix (/workspace/rp-26-14-appendix.xlsx) Rural Status=Rural; cross-check /workspace/oz2-other-msas-rural-eligible.csv,high (official appendix; eligible != designated)
61,01037,Coosa,1,1,N,IRS Rev. Proc. 2026-14 appendix (/workspace/rp-26-14-appendix.xlsx) Rural Status=Rural; cross-check /workspace/oz2-other-msas-rural-eligible.csv,high (official appendix; eligible != designated)
62,01101,Montgomery,1,34,N,IRS Rev. Proc. 2026-14 appendix (/workspace/rp-26-14-appendix.xlsx) Rural Status=Rural; cross-check /workspace/oz2-other-msas-rural-eligible.csv,high (official appendix; eligible != designated)
