state,county_fips,county,rural_eligible_tracts,nonrural_eligible_tracts,sc_nominated_rural_tracts,sc_nominated_rural_geoids,card_file,list_basis,source
SC,45001,Abbeville,1,0,1,45001950500,45001-abbeville.yaml,INTERIM (LSB CSV absent at 2026-09-28 13:30 ET): county has >=1 Rural-status tract in IRS Rev. Proc. 2026-14 OZ 2.0 eligible appendix,https://www.irs.gov/pub/irs-drop/rp-26-14-appendix.xlsx (local /workspace/rp-26-14-appendix.xlsx); nominated cols from SC Commerce Final Recommendations PDF 2026-09-22 (/workspace/sc-oz2-nominated-official-sccommerce-2026-09-23.csv)
SC,45003,Aiken,13,4,4,45003020100;45003020402;45003021001;45003021101,45003-aiken.yaml,INTERIM (LSB CSV absent at 2026-09-28 13:30 ET): county has >=1 Rural-status tract in IRS Rev. Proc. 2026-14 OZ 2.0 eligible appendix,https://www.irs.gov/pub/irs-drop/rp-26-14-appendix.xlsx (local /workspace/rp-26-14-appendix.xlsx); nominated cols from SC Commerce Final Recommendations PDF 2026-09-22 (/workspace/sc-oz2-nominated-official-sccommerce-2026-09-23.csv)
SC,45005,Allendale,3,0,1,45005970500,45005-allendale.yaml,INTERIM (LSB CSV absent at 2026-09-28 13:30 ET): county has >=1 Rural-status tract in IRS Rev. Proc. 2026-14 OZ 2.0 eligible appendix,https://www.irs.gov/pub/irs-drop/rp-26-14-appendix.xlsx (local /workspace/rp-26-14-appendix.xlsx); nominated cols from SC Commerce Final Recommendations PDF 2026-09-22 (/workspace/sc-oz2-nominated-official-sccommerce-2026-09-23.csv)
SC,45007,Anderson,17,1,3,45007000701;45007000800;45007012300,45007-anderson.yaml,INTERIM (LSB CSV absent at 2026-09-28 13:30 ET): county has >=1 Rural-status tract in IRS Rev. Proc. 2026-14 OZ 2.0 eligible appendix,https://www.irs.gov/pub/irs-drop/rp-26-14-appendix.xlsx (local /workspace/rp-26-14-appendix.xlsx); nominated cols from SC Commerce Final Recommendations PDF 2026-09-22 (/workspace/sc-oz2-nominated-official-sccommerce-2026-09-23.csv)
SC,45009,Bamberg,5,0,2,45009960201;45009960202,45009-bamberg.yaml,INTERIM (LSB CSV absent at 2026-09-28 13:30 ET): county has >=1 Rural-status tract in IRS Rev. Proc. 2026-14 OZ 2.0 eligible appendix,https://www.irs.gov/pub/irs-drop/rp-26-14-appendix.xlsx (local /workspace/rp-26-14-appendix.xlsx); nominated cols from SC Commerce Final Recommendations PDF 2026-09-22 (/workspace/sc-oz2-nominated-official-sccommerce-2026-09-23.csv)
SC,45011,Barnwell,6,0,2,45011970300;45011970500,45011-barnwell.yaml,INTERIM (LSB CSV absent at 2026-09-28 13:30 ET): county has >=1 Rural-status tract in IRS Rev. Proc. 2026-14 OZ 2.0 eligible appendix,https://www.irs.gov/pub/irs-drop/rp-26-14-appendix.xlsx (local /workspace/rp-26-14-appendix.xlsx); nominated cols from SC Commerce Final Recommendations PDF 2026-09-22 (/workspace/sc-oz2-nominated-official-sccommerce-2026-09-23.csv)
SC,45013,Beaufort,9,0,2,45013000100;45013000200,45013-beaufort.yaml,INTERIM (LSB CSV absent at 2026-09-28 13:30 ET): county has >=1 Rural-status tract in IRS Rev. Proc. 2026-14 OZ 2.0 eligible appendix,https://www.irs.gov/pub/irs-drop/rp-26-14-appendix.xlsx (local /workspace/rp-26-14-appendix.xlsx); nominated cols from SC Commerce Final Recommendations PDF 2026-09-22 (/workspace/sc-oz2-nominated-official-sccommerce-2026-09-23.csv)
SC,45015,Berkeley,9,6,3,45015020201;45015020506;45015020712,45015-berkeley.yaml,INTERIM (LSB CSV absent at 2026-09-28 13:30 ET): county has >=1 Rural-status tract in IRS Rev. Proc. 2026-14 OZ 2.0 eligible appendix,https://www.irs.gov/pub/irs-drop/rp-26-14-appendix.xlsx (local /workspace/rp-26-14-appendix.xlsx); nominated cols from SC Commerce Final Recommendations PDF 2026-09-22 (/workspace/sc-oz2-nominated-official-sccommerce-2026-09-23.csv)
SC,45019,Charleston,2,20,0,,45019-charleston.yaml,INTERIM (LSB CSV absent at 2026-09-28 13:30 ET): county has >=1 Rural-status tract in IRS Rev. Proc. 2026-14 OZ 2.0 eligible appendix,https://www.irs.gov/pub/irs-drop/rp-26-14-appendix.xlsx (local /workspace/rp-26-14-appendix.xlsx); nominated cols from SC Commerce Final Recommendations PDF 2026-09-22 (/workspace/sc-oz2-nominated-official-sccommerce-2026-09-23.csv)
SC,45021,Cherokee,6,0,2,45021970201;45021970401,45021-cherokee.yaml,INTERIM (LSB CSV absent at 2026-09-28 13:30 ET): county has >=1 Rural-status tract in IRS Rev. Proc. 2026-14 OZ 2.0 eligible appendix,https://www.irs.gov/pub/irs-drop/rp-26-14-appendix.xlsx (local /workspace/rp-26-14-appendix.xlsx); nominated cols from SC Commerce Final Recommendations PDF 2026-09-22 (/workspace/sc-oz2-nominated-official-sccommerce-2026-09-23.csv)
SC,45023,Chester,10,0,3,45023020300;45023020602;45023021000,45023-chester.yaml,INTERIM (LSB CSV absent at 2026-09-28 13:30 ET): county has >=1 Rural-status tract in IRS Rev. Proc. 2026-14 OZ 2.0 eligible appendix,https://www.irs.gov/pub/irs-drop/rp-26-14-appendix.xlsx (local /workspace/rp-26-14-appendix.xlsx); nominated cols from SC Commerce Final Recommendations PDF 2026-09-22 (/workspace/sc-oz2-nominated-official-sccommerce-2026-09-23.csv)
SC,45025,Chesterfield,10,0,3,45025950102;45025950401;45025950402,45025-chesterfield.yaml,INTERIM (LSB CSV absent at 2026-09-28 13:30 ET): county has >=1 Rural-status tract in IRS Rev. Proc. 2026-14 OZ 2.0 eligible appendix,https://www.irs.gov/pub/irs-drop/rp-26-14-appendix.xlsx (local /workspace/rp-26-14-appendix.xlsx); nominated cols from SC Commerce Final Recommendations PDF 2026-09-22 (/workspace/sc-oz2-nominated-official-sccommerce-2026-09-23.csv)
SC,45027,Clarendon,2,0,1,45027960500,45027-clarendon.yaml,INTERIM (LSB CSV absent at 2026-09-28 13:30 ET): county has >=1 Rural-status tract in IRS Rev. Proc. 2026-14 OZ 2.0 eligible appendix,https://www.irs.gov/pub/irs-drop/rp-26-14-appendix.xlsx (local /workspace/rp-26-14-appendix.xlsx); nominated cols from SC Commerce Final Recommendations PDF 2026-09-22 (/workspace/sc-oz2-nominated-official-sccommerce-2026-09-23.csv)
SC,45029,Colleton,5,0,2,45029970301;45029970401,45029-colleton.yaml,INTERIM (LSB CSV absent at 2026-09-28 13:30 ET): county has >=1 Rural-status tract in IRS Rev. Proc. 2026-14 OZ 2.0 eligible appendix,https://www.irs.gov/pub/irs-drop/rp-26-14-appendix.xlsx (local /workspace/rp-26-14-appendix.xlsx); nominated cols from SC Commerce Final Recommendations PDF 2026-09-22 (/workspace/sc-oz2-nominated-official-sccommerce-2026-09-23.csv)
SC,45031,Darlington,13,0,3,45031010600;45031011100;45031011400,45031-darlington.yaml,INTERIM (LSB CSV absent at 2026-09-28 13:30 ET): county has >=1 Rural-status tract in IRS Rev. Proc. 2026-14 OZ 2.0 eligible appendix,https://www.irs.gov/pub/irs-drop/rp-26-14-appendix.xlsx (local /workspace/rp-26-14-appendix.xlsx); nominated cols from SC Commerce Final Recommendations PDF 2026-09-22 (/workspace/sc-oz2-nominated-official-sccommerce-2026-09-23.csv)
SC,45033,Dillon,8,0,2,45033970302;45033970601,45033-dillon.yaml,INTERIM (LSB CSV absent at 2026-09-28 13:30 ET): county has >=1 Rural-status tract in IRS Rev. Proc. 2026-14 OZ 2.0 eligible appendix,https://www.irs.gov/pub/irs-drop/rp-26-14-appendix.xlsx (local /workspace/rp-26-14-appendix.xlsx); nominated cols from SC Commerce Final Recommendations PDF 2026-09-22 (/workspace/sc-oz2-nominated-official-sccommerce-2026-09-23.csv)
SC,45035,Dorchester,4,4,1,45035010200,45035-dorchester.yaml,INTERIM (LSB CSV absent at 2026-09-28 13:30 ET): county has >=1 Rural-status tract in IRS Rev. Proc. 2026-14 OZ 2.0 eligible appendix,https://www.irs.gov/pub/irs-drop/rp-26-14-appendix.xlsx (local /workspace/rp-26-14-appendix.xlsx); nominated cols from SC Commerce Final Recommendations PDF 2026-09-22 (/workspace/sc-oz2-nominated-official-sccommerce-2026-09-23.csv)
SC,45037,Edgefield,2,1,1,45037970204,45037-edgefield.yaml,INTERIM (LSB CSV absent at 2026-09-28 13:30 ET): county has >=1 Rural-status tract in IRS Rev. Proc. 2026-14 OZ 2.0 eligible appendix,https://www.irs.gov/pub/irs-drop/rp-26-14-appendix.xlsx (local /workspace/rp-26-14-appendix.xlsx); nominated cols from SC Commerce Final Recommendations PDF 2026-09-22 (/workspace/sc-oz2-nominated-official-sccommerce-2026-09-23.csv)
SC,45039,Fairfield,3,0,1,45039960401,45039-fairfield.yaml,INTERIM (LSB CSV absent at 2026-09-28 13:30 ET): county has >=1 Rural-status tract in IRS Rev. Proc. 2026-14 OZ 2.0 eligible appendix,https://www.irs.gov/pub/irs-drop/rp-26-14-appendix.xlsx (local /workspace/rp-26-14-appendix.xlsx); nominated cols from SC Commerce Final Recommendations PDF 2026-09-22 (/workspace/sc-oz2-nominated-official-sccommerce-2026-09-23.csv)
SC,45041,Florence,15,0,3,45041000400;45041000700;45041002600,45041-florence.yaml,INTERIM (LSB CSV absent at 2026-09-28 13:30 ET): county has >=1 Rural-status tract in IRS Rev. Proc. 2026-14 OZ 2.0 eligible appendix,https://www.irs.gov/pub/irs-drop/rp-26-14-appendix.xlsx (local /workspace/rp-26-14-appendix.xlsx); nominated cols from SC Commerce Final Recommendations PDF 2026-09-22 (/workspace/sc-oz2-nominated-official-sccommerce-2026-09-23.csv)
SC,45043,Georgetown,6,0,2,45043920601;45043920602,45043-georgetown.yaml,INTERIM (LSB CSV absent at 2026-09-28 13:30 ET): county has >=1 Rural-status tract in IRS Rev. Proc. 2026-14 OZ 2.0 eligible appendix,https://www.irs.gov/pub/irs-drop/rp-26-14-appendix.xlsx (local /workspace/rp-26-14-appendix.xlsx); nominated cols from SC Commerce Final Recommendations PDF 2026-09-22 (/workspace/sc-oz2-nominated-official-sccommerce-2026-09-23.csv)
SC,45045,Greenville,2,30,0,,45045-greenville.yaml,INTERIM (LSB CSV absent at 2026-09-28 13:30 ET): county has >=1 Rural-status tract in IRS Rev. Proc. 2026-14 OZ 2.0 eligible appendix,https://www.irs.gov/pub/irs-drop/rp-26-14-appendix.xlsx (local /workspace/rp-26-14-appendix.xlsx); nominated cols from SC Commerce Final Recommendations PDF 2026-09-22 (/workspace/sc-oz2-nominated-official-sccommerce-2026-09-23.csv)
SC,45047,Greenwood,6,0,2,45047970102;45047970401,45047-greenwood.yaml,INTERIM (LSB CSV absent at 2026-09-28 13:30 ET): county has >=1 Rural-status tract in IRS Rev. Proc. 2026-14 OZ 2.0 eligible appendix,https://www.irs.gov/pub/irs-drop/rp-26-14-appendix.xlsx (local /workspace/rp-26-14-appendix.xlsx); nominated cols from SC Commerce Final Recommendations PDF 2026-09-22 (/workspace/sc-oz2-nominated-official-sccommerce-2026-09-23.csv)
SC,45049,Hampton,5,0,1,45049920201,45049-hampton.yaml,INTERIM (LSB CSV absent at 2026-09-28 13:30 ET): county has >=1 Rural-status tract in IRS Rev. Proc. 2026-14 OZ 2.0 eligible appendix,https://www.irs.gov/pub/irs-drop/rp-26-14-appendix.xlsx (local /workspace/rp-26-14-appendix.xlsx); nominated cols from SC Commerce Final Recommendations PDF 2026-09-22 (/workspace/sc-oz2-nominated-official-sccommerce-2026-09-23.csv)
SC,45051,Horry,19,0,4,45051050600;45051050700;45051051406;45051070300,45051-horry.yaml,INTERIM (LSB CSV absent at 2026-09-28 13:30 ET): county has >=1 Rural-status tract in IRS Rev. Proc. 2026-14 OZ 2.0 eligible appendix,https://www.irs.gov/pub/irs-drop/rp-26-14-appendix.xlsx (local /workspace/rp-26-14-appendix.xlsx); nominated cols from SC Commerce Final Recommendations PDF 2026-09-22 (/workspace/sc-oz2-nominated-official-sccommerce-2026-09-23.csv)
SC,45053,Jasper,4,0,1,45053950301,45053-jasper.yaml,INTERIM (LSB CSV absent at 2026-09-28 13:30 ET): county has >=1 Rural-status tract in IRS Rev. Proc. 2026-14 OZ 2.0 eligible appendix,https://www.irs.gov/pub/irs-drop/rp-26-14-appendix.xlsx (local /workspace/rp-26-14-appendix.xlsx); nominated cols from SC Commerce Final Recommendations PDF 2026-09-22 (/workspace/sc-oz2-nominated-official-sccommerce-2026-09-23.csv)
SC,45055,Kershaw,4,0,1,45055970902,45055-kershaw.yaml,INTERIM (LSB CSV absent at 2026-09-28 13:30 ET): county has >=1 Rural-status tract in IRS Rev. Proc. 2026-14 OZ 2.0 eligible appendix,https://www.irs.gov/pub/irs-drop/rp-26-14-appendix.xlsx (local /workspace/rp-26-14-appendix.xlsx); nominated cols from SC Commerce Final Recommendations PDF 2026-09-22 (/workspace/sc-oz2-nominated-official-sccommerce-2026-09-23.csv)
SC,45057,Lancaster,6,0,2,45057010700;45057010800,45057-lancaster.yaml,INTERIM (LSB CSV absent at 2026-09-28 13:30 ET): county has >=1 Rural-status tract in IRS Rev. Proc. 2026-14 OZ 2.0 eligible appendix,https://www.irs.gov/pub/irs-drop/rp-26-14-appendix.xlsx (local /workspace/rp-26-14-appendix.xlsx); nominated cols from SC Commerce Final Recommendations PDF 2026-09-22 (/workspace/sc-oz2-nominated-official-sccommerce-2026-09-23.csv)
SC,45059,Laurens,5,1,2,45059920503;45059920600,45059-laurens.yaml,INTERIM (LSB CSV absent at 2026-09-28 13:30 ET): county has >=1 Rural-status tract in IRS Rev. Proc. 2026-14 OZ 2.0 eligible appendix,https://www.irs.gov/pub/irs-drop/rp-26-14-appendix.xlsx (local /workspace/rp-26-14-appendix.xlsx); nominated cols from SC Commerce Final Recommendations PDF 2026-09-22 (/workspace/sc-oz2-nominated-official-sccommerce-2026-09-23.csv)
SC,45061,Lee,5,0,1,45061920302,45061-lee.yaml,INTERIM (LSB CSV absent at 2026-09-28 13:30 ET): county has >=1 Rural-status tract in IRS Rev. Proc. 2026-14 OZ 2.0 eligible appendix,https://www.irs.gov/pub/irs-drop/rp-26-14-appendix.xlsx (local /workspace/rp-26-14-appendix.xlsx); nominated cols from SC Commerce Final Recommendations PDF 2026-09-22 (/workspace/sc-oz2-nominated-official-sccommerce-2026-09-23.csv)
SC,45063,Lexington,9,6,0,,45063-lexington.yaml,INTERIM (LSB CSV absent at 2026-09-28 13:30 ET): county has >=1 Rural-status tract in IRS Rev. Proc. 2026-14 OZ 2.0 eligible appendix,https://www.irs.gov/pub/irs-drop/rp-26-14-appendix.xlsx (local /workspace/rp-26-14-appendix.xlsx); nominated cols from SC Commerce Final Recommendations PDF 2026-09-22 (/workspace/sc-oz2-nominated-official-sccommerce-2026-09-23.csv)
SC,45065,McCormick,1,0,1,45065920300,45065-mccormick.yaml,INTERIM (LSB CSV absent at 2026-09-28 13:30 ET): county has >=1 Rural-status tract in IRS Rev. Proc. 2026-14 OZ 2.0 eligible appendix,https://www.irs.gov/pub/irs-drop/rp-26-14-appendix.xlsx (local /workspace/rp-26-14-appendix.xlsx); nominated cols from SC Commerce Final Recommendations PDF 2026-09-22 (/workspace/sc-oz2-nominated-official-sccommerce-2026-09-23.csv)
SC,45067,Marion,8,0,2,45067950200;45067950600,45067-marion.yaml,INTERIM (LSB CSV absent at 2026-09-28 13:30 ET): county has >=1 Rural-status tract in IRS Rev. Proc. 2026-14 OZ 2.0 eligible appendix,https://www.irs.gov/pub/irs-drop/rp-26-14-appendix.xlsx (local /workspace/rp-26-14-appendix.xlsx); nominated cols from SC Commerce Final Recommendations PDF 2026-09-22 (/workspace/sc-oz2-nominated-official-sccommerce-2026-09-23.csv)
SC,45069,Marlboro,8,0,2,45069960100;45069960302,45069-marlboro.yaml,INTERIM (LSB CSV absent at 2026-09-28 13:30 ET): county has >=1 Rural-status tract in IRS Rev. Proc. 2026-14 OZ 2.0 eligible appendix,https://www.irs.gov/pub/irs-drop/rp-26-14-appendix.xlsx (local /workspace/rp-26-14-appendix.xlsx); nominated cols from SC Commerce Final Recommendations PDF 2026-09-22 (/workspace/sc-oz2-nominated-official-sccommerce-2026-09-23.csv)
SC,45071,Newberry,4,0,1,45071950502,45071-newberry.yaml,INTERIM (LSB CSV absent at 2026-09-28 13:30 ET): county has >=1 Rural-status tract in IRS Rev. Proc. 2026-14 OZ 2.0 eligible appendix,https://www.irs.gov/pub/irs-drop/rp-26-14-appendix.xlsx (local /workspace/rp-26-14-appendix.xlsx); nominated cols from SC Commerce Final Recommendations PDF 2026-09-22 (/workspace/sc-oz2-nominated-official-sccommerce-2026-09-23.csv)
SC,45073,Oconee,8,0,2,45073030403;45073030701,45073-oconee.yaml,INTERIM (LSB CSV absent at 2026-09-28 13:30 ET): county has >=1 Rural-status tract in IRS Rev. Proc. 2026-14 OZ 2.0 eligible appendix,https://www.irs.gov/pub/irs-drop/rp-26-14-appendix.xlsx (local /workspace/rp-26-14-appendix.xlsx); nominated cols from SC Commerce Final Recommendations PDF 2026-09-22 (/workspace/sc-oz2-nominated-official-sccommerce-2026-09-23.csv)
SC,45075,Orangeburg,21,0,5,45075010200;45075010400;45075011100;45075011300;45075011400,45075-orangeburg.yaml,INTERIM (LSB CSV absent at 2026-09-28 13:30 ET): county has >=1 Rural-status tract in IRS Rev. Proc. 2026-14 OZ 2.0 eligible appendix,https://www.irs.gov/pub/irs-drop/rp-26-14-appendix.xlsx (local /workspace/rp-26-14-appendix.xlsx); nominated cols from SC Commerce Final Recommendations PDF 2026-09-22 (/workspace/sc-oz2-nominated-official-sccommerce-2026-09-23.csv)
SC,45077,Pickens,7,2,0,,45077-pickens.yaml,INTERIM (LSB CSV absent at 2026-09-28 13:30 ET): county has >=1 Rural-status tract in IRS Rev. Proc. 2026-14 OZ 2.0 eligible appendix,https://www.irs.gov/pub/irs-drop/rp-26-14-appendix.xlsx (local /workspace/rp-26-14-appendix.xlsx); nominated cols from SC Commerce Final Recommendations PDF 2026-09-22 (/workspace/sc-oz2-nominated-official-sccommerce-2026-09-23.csv)
SC,45079,Richland,2,37,1,45079012000,45079-richland.yaml,INTERIM (LSB CSV absent at 2026-09-28 13:30 ET): county has >=1 Rural-status tract in IRS Rev. Proc. 2026-14 OZ 2.0 eligible appendix,https://www.irs.gov/pub/irs-drop/rp-26-14-appendix.xlsx (local /workspace/rp-26-14-appendix.xlsx); nominated cols from SC Commerce Final Recommendations PDF 2026-09-22 (/workspace/sc-oz2-nominated-official-sccommerce-2026-09-23.csv)
SC,45081,Saluda,4,0,1,45081960202,45081-saluda.yaml,INTERIM (LSB CSV absent at 2026-09-28 13:30 ET): county has >=1 Rural-status tract in IRS Rev. Proc. 2026-14 OZ 2.0 eligible appendix,https://www.irs.gov/pub/irs-drop/rp-26-14-appendix.xlsx (local /workspace/rp-26-14-appendix.xlsx); nominated cols from SC Commerce Final Recommendations PDF 2026-09-22 (/workspace/sc-oz2-nominated-official-sccommerce-2026-09-23.csv)
SC,45083,Spartanburg,24,1,5,45083020702;45083021001;45083021600;45083022202;45083023602,45083-spartanburg.yaml,INTERIM (LSB CSV absent at 2026-09-28 13:30 ET): county has >=1 Rural-status tract in IRS Rev. Proc. 2026-14 OZ 2.0 eligible appendix,https://www.irs.gov/pub/irs-drop/rp-26-14-appendix.xlsx (local /workspace/rp-26-14-appendix.xlsx); nominated cols from SC Commerce Final Recommendations PDF 2026-09-22 (/workspace/sc-oz2-nominated-official-sccommerce-2026-09-23.csv)
SC,45085,Sumter,10,0,2,45085001100;45085001300,45085-sumter.yaml,INTERIM (LSB CSV absent at 2026-09-28 13:30 ET): county has >=1 Rural-status tract in IRS Rev. Proc. 2026-14 OZ 2.0 eligible appendix,https://www.irs.gov/pub/irs-drop/rp-26-14-appendix.xlsx (local /workspace/rp-26-14-appendix.xlsx); nominated cols from SC Commerce Final Recommendations PDF 2026-09-22 (/workspace/sc-oz2-nominated-official-sccommerce-2026-09-23.csv)
SC,45087,Union,5,0,2,45087030200;45087030402,45087-union.yaml,INTERIM (LSB CSV absent at 2026-09-28 13:30 ET): county has >=1 Rural-status tract in IRS Rev. Proc. 2026-14 OZ 2.0 eligible appendix,https://www.irs.gov/pub/irs-drop/rp-26-14-appendix.xlsx (local /workspace/rp-26-14-appendix.xlsx); nominated cols from SC Commerce Final Recommendations PDF 2026-09-22 (/workspace/sc-oz2-nominated-official-sccommerce-2026-09-23.csv)
SC,45089,Williamsburg,8,0,2,45089970300;45089970601,45089-williamsburg.yaml,INTERIM (LSB CSV absent at 2026-09-28 13:30 ET): county has >=1 Rural-status tract in IRS Rev. Proc. 2026-14 OZ 2.0 eligible appendix,https://www.irs.gov/pub/irs-drop/rp-26-14-appendix.xlsx (local /workspace/rp-26-14-appendix.xlsx); nominated cols from SC Commerce Final Recommendations PDF 2026-09-22 (/workspace/sc-oz2-nominated-official-sccommerce-2026-09-23.csv)
SC,45091,York,2,6,2,45091061601;45091061602,45091-york.yaml,INTERIM (LSB CSV absent at 2026-09-28 13:30 ET): county has >=1 Rural-status tract in IRS Rev. Proc. 2026-14 OZ 2.0 eligible appendix,https://www.irs.gov/pub/irs-drop/rp-26-14-appendix.xlsx (local /workspace/rp-26-14-appendix.xlsx); nominated cols from SC Commerce Final Recommendations PDF 2026-09-22 (/workspace/sc-oz2-nominated-official-sccommerce-2026-09-23.csv)
