order,fips,county,pass1,aadtStations,aadtFilter,taxStatus,taxFields,taxAmount,saleStatus,ownerStatus,ownerField,appraiserTemplate,sampleParcelId,deepLinkVerification,jurisdictionGisUrl,card
1,13321,Worth,usable,141,county='Worth' AND aadt>0,HTML-only,,HTML-only,HTML-only,REST,OWNER,https://qpublic.schneidercorp.com/Application.aspx?App=WorthCountyGA&Layer=Parcels&PageType=Report&KeyValue={parcelId},SV060077,pattern-tested,https://www.qpublic.net/ga/worth/,/workspace/gis-research/cards/GA/13321-worth.yaml
2,13023,Bleckley,usable,103,county='Bleckley' AND aadt>0,HTML-only,,HTML-only,HTML-only,HTML-only,,https://qpublic.schneidercorp.com/Application.aspx?App=BleckleyCountyGA&Layer=Parcels&PageType=Report&KeyValue={parcelId},A01    001,pattern-tested,https://qpublic.schneidercorp.com/Application.aspx?App=BleckleyCountyGA&Layer=Parcels&PageType=Search,/workspace/gis-research/cards/GA/13023-bleckley.yaml
3,13045,Carroll,partial,311,county='Carroll' AND aadt>0,REST,CURR_VAL;Land_Value;PREV_VAL,HTML-only,REST-partial,REST,Owner,https://qpublic.schneidercorp.com/Application.aspx?App=CarrollCountyGA&Layer=Parcels&PageType=Report&KeyValue={parcelId},C06 0230101,pattern-tested,https://qpublic.schneidercorp.com/Application.aspx?App=CarrollCountyGA&Layer=Parcels&PageType=Map,/workspace/gis-research/cards/GA/13045-carroll.yaml
4,13055,Chattooga,usable,132,county='Chattooga' AND aadt>0,REST,CURR_VAL;Land_Val;PREV_VAL,HTML-only,HTML-only,REST,Owner,https://qpublic.schneidercorp.com/Application.aspx?App=ChattoogaCountyGA&Layer=Parcels&PageType=Report&KeyValue={parcelId},001-001,pattern-tested,https://qpublic.schneidercorp.com/Application.aspx?App=ChattoogaCountyGA&Layer=Parcels&PageType=Maps,/workspace/gis-research/cards/GA/13055-chattooga.yaml
5,13083,Dade,usable,101,county='Dade' AND aadt>0,REST,CURR_VAL;A_VALUE;FMVRES,HTML-only,HTML-only,REST,LASTNAME,https://qpublic.schneidercorp.com/Application.aspx?App=DadeCountyGA&Layer=Parcels&PageType=Report&KeyValue={parcelId},001 00 001 00,pattern-tested,https://qpublic.schneidercorp.com/Application.aspx?App=DadeCountyGA&Layer=Parcels&PageType=Map,/workspace/gis-research/cards/GA/13083-dade.yaml
6,13099,Early,usable,145,county='Early' AND aadt>0,HTML-only,,HTML-only,HTML-only,HTML-only,,https://qpublic.schneidercorp.com/Application.aspx?App=EarlyCountyGA&Layer=Parcels&PageType=Report&KeyValue={parcelId},0086   046,pattern-tested,https://qpublic.schneidercorp.com/Application.aspx?App=EarlyCountyGA&Layer=Parcels&PageType=Maps,/workspace/gis-research/cards/GA/13099-early.yaml
7,13119,Franklin,usable,171,county='Franklin' AND aadt>0,HTML-only,,HTML-only,HTML-only,REST,OwnerName,https://qpublic.schneidercorp.com/Application.aspx?App=FranklinCountyGA&Layer=Parcels&PageType=Report&KeyValue={parcelId},025 A,pattern-tested,https://qpublic.schneidercorp.com/Application.aspx?App=FranklinCountyGA&Layer=Parcels&PageType=Maps,/workspace/gis-research/cards/GA/13119-franklin.yaml
8,13123,Gilmer,partial,77,county='Gilmer' AND aadt>0,HTML-only,,HTML-only,HTML-only,HTML-only,,https://qpublic.schneidercorp.com/Application.aspx?App=GilmerCountyGA&Layer=Parcels&PageType=Report&KeyValue={parcelId},3114   009E,pattern-tested,https://qpublic.schneidercorp.com/Application.aspx?AppID=672&LayerID=11357&PageTypeID=1,/workspace/gis-research/cards/GA/13123-gilmer.yaml
9,13129,Gordon,usable,212,county='Gordon' AND aadt>0,HTML-only,,HTML-only,HTML-only,HTML-only,,https://qpublic.schneidercorp.com/Application.aspx?App=GordonCountyGA&Layer=Parcels&PageType=Report&KeyValue={parcelId},001       001,pattern-tested,https://qpublic.schneidercorp.com/Application.aspx?App=GordonCountyGA&Layer=Parcels&PageType=Map,/workspace/gis-research/cards/GA/13129-gordon.yaml
10,13137,Habersham,usable,172,county='Habersham' AND aadt>0,REST,LandValue,HTML-only,HTML-only,HTML-only,,https://qpublic.schneidercorp.com/Application.aspx?App=HabershamCountyGA&Layer=Parcels&PageType=Report&KeyValue={parcelId},029 158,pattern-tested,https://maps.roktech.net/ROKMAPS_Habersham/,/workspace/gis-research/cards/GA/13137-habersham.yaml
11,13147,Hart,usable,137,county='Hart' AND aadt>0,HTML-only,,HTML-only,HTML-only,HTML-only,,https://qpublic.schneidercorp.com/Application.aspx?App=HartCountyGA&Layer=Parcels&PageType=Report&KeyValue={parcelId},I57H   162,pattern-tested,https://qpublic.schneidercorp.com/Application.aspx?App=HartCountyGA&Layer=Parcels&PageType=Maps,/workspace/gis-research/cards/GA/13147-hart.yaml
12,13159,Jasper,usable,65,county='Jasper' AND aadt>0,REST,CURR_VAL,HTML-only,HTML-only,REST-partial,LASTNAME,https://qpublic.schneidercorp.com/Application.aspx?App=JasperCountyGA&Layer=Parcels&PageType=Report&KeyValue={parcelId},001    001,pattern-tested,https://qpublic.schneidercorp.com/Application.aspx?App=JasperCountyGA&Layer=Parcels&PageType=Map,/workspace/gis-research/cards/GA/13159-jasper.yaml
13,13163,Jefferson,usable,130,county='Jefferson' AND aadt>0,REST,CURR_VAL;Land_Val;PREV_VAL,HTML-only,HTML-only,REST,Owner,https://qpublic.schneidercorp.com/Application.aspx?App=JeffersonCountyGA&Layer=Parcels&PageType=Report&KeyValue={parcelId},0001 001,pattern-tested,https://qpublic.schneidercorp.com/Application.aspx?AppID=670&LayerID=11355&PageTypeID=1,/workspace/gis-research/cards/GA/13163-jefferson.yaml
14,13167,Johnson,usable,65,county='Johnson' AND aadt>0,HTML-only,,HTML-only,HTML-only,HTML-only,,https://qpublic.schneidercorp.com/Application.aspx?App=johnsonCountyGA&Layer=Parcels&PageType=Report&KeyValue={parcelId},001    001,verified-by-source,https://qpublic.schneidercorp.com/Application.aspx?App=JohnsonCountyGA&Layer=Parcels&PageType=Maps,/workspace/gis-research/cards/GA/13167-johnson.yaml
15,13205,Mitchell,partial,134,county='Mitchell' AND aadt>0,HTML-only,,HTML-only,HTML-only,REST,OWNER,https://qpublic.schneidercorp.com/Application.aspx?App=MitchellCountyGA&Layer=Parcels&PageType=Report&KeyValue={parcelId},130,pattern-tested,https://qpublic.schneidercorp.com/Application.aspx?App=MitchellCountyGA&Layer=Parcels&PageType=Maps,/workspace/gis-research/cards/GA/13205-mitchell.yaml
16,13207,Monroe,usable,156,county='Monroe' AND aadt>0,HTML-only,,HTML-only,HTML-only,HTML-only,,https://qpublic.schneidercorp.com/Application.aspx?App=MonroeCountyGA&Layer=Parcels&PageType=Report&KeyValue={parcelId},001B,pattern-tested,https://qpublic.schneidercorp.com/Application.aspx?App=MonroeCountyGA&Layer=Parcels&PageType=Map,/workspace/gis-research/cards/GA/13207-monroe.yaml
17,13225,Peach,usable,158,county='Peach' AND aadt>0,HTML-only,,HTML-only,HTML-only,HTML-only,,https://qpublic.schneidercorp.com/Application.aspx?App=PeachCountyGA&Layer=Parcels&PageType=Report&KeyValue={parcelId},064C   001,pattern-tested,https://www.arcgis.com/apps/mapviewer/index.html?layers=https://services7.arcgis.com/y3bjA2Cr20lW0mwX/arcgis/rest/services/Parcels_Sept_2019/FeatureServer,/workspace/gis-research/cards/GA/13225-peach.yaml
18,13251,Screven,usable,98,county='Screven' AND aadt>0,REST,curr_val;a_value;fmvres,HTML-only,HTML-only,REST,lastname,https://qpublic.schneidercorp.com/Application.aspx?App=screvenCountyGA&Layer=Parcels&PageType=Report&KeyValue={parcelId},001 001,verified-by-source,https://qpublic.schneidercorp.com/Application.aspx?App=screvenCountyGA&Layer=Parcels&PageType=Map,/workspace/gis-research/cards/GA/13251-screven.yaml
19,13259,Stewart,usable,39,county='Stewart' AND aadt>0,REST,curr_val;a_value;fmvres,HTML-only,HTML-only,REST,lastname,https://qpublic.schneidercorp.com/Application.aspx?App=stewartCountyGA&Layer=Parcels&PageType=Report&KeyValue={parcelId},001    001,verified-by-source,https://qpublic.schneidercorp.com/Application.aspx?App=StewartCountyGA&Layer=Parcels&PageType=Maps,/workspace/gis-research/cards/GA/13259-stewart.yaml
20,13269,Taylor,usable,82,county='Taylor' AND aadt>0,REST,CURR_VAL;Land_Val;PREV_VAL,HTML-only,HTML-only,REST,Owner,https://qpublic.schneidercorp.com/Application.aspx?App=TaylorCountyGA&Layer=Parcels&PageType=Report&KeyValue={parcelId},001    001,pattern-tested,https://www.arcgis.com/apps/mapviewer/index.html?webmap=c64f2077866547f58418e152456aaf64,/workspace/gis-research/cards/GA/13269-taylor.yaml
21,13293,Upson,usable,150,county='Upson' AND aadt>0,HTML-only,,HTML-only,HTML-only,HTML-only,,https://qpublic.schneidercorp.com/Application.aspx?App=UpsonCountyGA&Layer=Parcels&PageType=Report&KeyValue={parcelId},111 044,pattern-tested,https://experience.arcgis.com/experience/81c901d54d2440e381265a871d3666b1,/workspace/gis-research/cards/GA/13293-upson.yaml
22,13295,Walker,usable,263,county='Walker' AND aadt>0,REST,curr_val;a_value;fmvres,HTML-only,HTML-only,REST,lastname,https://qpublic.schneidercorp.com/Application.aspx?App=walkerCountyGA&Layer=Parcels&PageType=Report&KeyValue={parcelId},0001     001,verified-by-source,https://qpublic.schneidercorp.com/Application.aspx?App=walkerCountyGA&Layer=Parcels&PageType=Map,/workspace/gis-research/cards/GA/13295-walker.yaml
23,13297,Walton,usable,228,county='Walton' AND aadt>0,HTML-only,,HTML-only,HTML-only,HTML-only,,https://qpublic.schneidercorp.com/Application.aspx?App=waltonCountyGA&Layer=Parcels&PageType=Report&KeyValue={parcelId},C0040004,pattern-tested,https://qpublic.schneidercorp.com/Application.aspx?App=waltonCountyGA&Layer=Parcels&PageType=Map,/workspace/gis-research/cards/GA/13297-walton.yaml
24,13305,Wayne,usable,156,county='Wayne' AND aadt>0,HTML-only,,HTML-only,HTML-only,HTML-only,,https://qpublic.schneidercorp.com/Application.aspx?App=WayneCountyGA&Layer=Parcels&PageType=Report&KeyValue={parcelId},149A-19,pattern-tested,https://qpublic.schneidercorp.com/Application.aspx?AppID=850&LayerID=15800&PageTypeID=1,/workspace/gis-research/cards/GA/13305-wayne.yaml
25,13311,White,usable,63,county='White' AND aadt>0,HTML-only,,HTML-only,HTML-only,HTML-only,,https://qpublic.schneidercorp.com/Application.aspx?App=WhiteCountyGA&Layer=Parcels&PageType=Report&KeyValue={parcelId},089   077A,pattern-tested,https://www.whitecountyga.gov/296/Mapping-GIS,/workspace/gis-research/cards/GA/13311-white.yaml
26,13001,Appling,usable,80,county='Appling' AND aadt>0,HTML-only,,HTML-only,HTML-only,HTML-only,,https://qpublic.schneidercorp.com/Application.aspx?App=ApplingCountyGA&Layer=Parcels&PageType=Report&KeyValue={parcelId},0030 201,pattern-tested,https://hogarc-hogarc.opendata.arcgis.com/datasets/HHvUPZ2XuLOAJxjR::appling-county-wide-view/explore,/workspace/gis-research/cards/GA/13001-appling.yaml
27,13003,Atkinson,usable,56,county='Atkinson' AND aadt>0,REST,CURR_VAL;A_VALUE;FMVRES,HTML-only,HTML-only,REST,LASTNAME,https://qpublic.schneidercorp.com/Application.aspx?App=AtkinsonCountyGA&Layer=Parcels&PageType=Report&KeyValue={parcelId},0081  018003,pattern-tested,https://www.sgrcmaps.com/AtkinsonCounty/,/workspace/gis-research/cards/GA/13003-atkinson.yaml
28,13009,Baldwin,usable,162,county='Baldwin' AND aadt>0,HTML-only,,HTML-only,HTML-only,REST,Owner_Name,https://qpublic.schneidercorp.com/Application.aspx?App=BaldwinCountyGA&Layer=Parcels&PageType=Report&KeyValue={parcelId},023 014B,pattern-tested,https://baldwinboc.maps.arcgis.com/apps/instant/interactivelegend/index.html?appid=399a13d55b8047018b8ea26e5470a4a3,/workspace/gis-research/cards/GA/13009-baldwin.yaml
29,13011,Banks,usable,105,county='Banks' AND aadt>0,HTML-only,,HTML-only,HTML-only,HTML-only,,https://qpublic.schneidercorp.com/Application.aspx?App=BanksCountyGA&Layer=Parcels&PageType=Report&KeyValue={parcelId},46,pattern-tested,https://qpublic.schneidercorp.com/Application.aspx?App=BanksCountyGA&Layer=Parcels&PageType=Map,/workspace/gis-research/cards/GA/13011-banks.yaml
30,13013,Barrow,usable,176,county='Barrow' AND aadt>0,HTML-only,,HTML-only,HTML-only,REST,LASTNAME,https://qpublic.schneidercorp.com/Application.aspx?App=BarrowCountyGA&Layer=Parcels&PageType=Report&KeyValue={parcelId},XX055A 010,pattern-tested,https://qpublic.schneidercorp.com/Application.aspx?App=BarrowCountyGA&Layer=Parcels&PageType=Map,/workspace/gis-research/cards/GA/13013-barrow.yaml
31,13015,Bartow,usable,315,county='Bartow' AND aadt>0,REST,LandValue,HTML-only,HTML-only,REST,Owner1,https://qpublic.schneidercorp.com/Application.aspx?App=BartowCountyGA&Layer=Parcels&PageType=Report&KeyValue={parcelId},0002-0059-001,pattern-tested,https://qpublic.schneidercorp.com/Application.aspx?App=BartowCountyGA&Layer=Parcels&PageType=Map,/workspace/gis-research/cards/GA/13015-bartow.yaml
32,13017,Ben Hill,usable,146,county='Ben Hill' AND aadt>0,REST,CURR_VAL;A_VALUE;FMVRES,HTML-only,HTML-only,REST,LASTNAME,https://qpublic.schneidercorp.com/Application.aspx?App=BenHillCountyGA&Layer=Parcels&PageType=Report&KeyValue={parcelId},1 10      9,pattern-tested,https://www.sgrcmaps.com/BenHill/,/workspace/gis-research/cards/GA/13017-ben-hill.yaml
33,13025,Brantley,usable,54,county='Brantley' AND aadt>0,REST,curr_val;a_value;fmvres,HTML-only,HTML-only,REST,lastname,https://qpublic.schneidercorp.com/Application.aspx?App=brantleyCountyGA&Layer=Parcels&PageType=Report&KeyValue={parcelId},0096E  001,verified-by-source,https://qpublic.schneidercorp.com/Application.aspx?App=brantleyCountyGA&Layer=Parcels&PageType=Maps,/workspace/gis-research/cards/GA/13025-brantley.yaml
34,13027,Brooks,usable,91,county='Brooks' AND aadt>0,REST,CURR_VAL;A_VALUE;FMVRES,HTML-only,HTML-only,REST,LASTNAME,https://qpublic.schneidercorp.com/Application.aspx?App=BrooksCountyGA&Layer=Parcels&PageType=Report&KeyValue={parcelId},092    00104,pattern-tested,https://www.arcgis.com/apps/mapviewer/index.html?webmap=63c4a5f4cc3341dab729b216e5009cca,/workspace/gis-research/cards/GA/13027-brooks.yaml
35,13031,Bulloch,usable,221,county='Bulloch' AND aadt>0,HTML-only,,HTML-only,HTML-only,REST,LASTNAME,https://qpublic.schneidercorp.com/Application.aspx?App=BullochCountyGA&Layer=Parcels&PageType=Report&KeyValue={parcelId},MS90000010 000,pattern-tested,https://qpublic.schneidercorp.com/Application.aspx?App=BullochCountyGA&Layer=Parcels&PageType=Map,/workspace/gis-research/cards/GA/13031-bulloch.yaml
36,13035,Butts,usable,84,county='Butts' AND aadt>0,REST,CURR_VAL,REST,HTML-only,REST,_v_ON,https://qpublic.schneidercorp.com/Application.aspx?App=ButtsCountyGA&Layer=Parcels&PageType=Report&KeyValue={parcelId},00010001,pattern-tested,https://qpublic.schneidercorp.com/Application.aspx?App=ButtsCountyGA&Layer=Parcels&PageType=Map,/workspace/gis-research/cards/GA/13035-butts.yaml
37,13039,Camden,usable,135,county='Camden' AND aadt>0,REST,CURR_VAL;FMVACC;FMVCOM;FMVRES,HTML-only,HTML-only,REST,lastname,https://qpublic.schneidercorp.com/Application.aspx?App=CamdenCountyGA&Layer=Parcels&PageType=Report&KeyValue={parcelId},108A   006A,pattern-tested,https://gishub-ccboc.hub.arcgis.com,/workspace/gis-research/cards/GA/13039-camden.yaml
38,13043,Candler,usable,69,county='Candler' AND aadt>0,HTML-only,,HTML-only,HTML-only,HTML-only,,https://qpublic.schneidercorp.com/Application.aspx?App=CandlerCountyGA&Layer=Parcels&PageType=Report&KeyValue={parcelId},1,pattern-tested,https://hogarc-hogarc.opendata.arcgis.com/datasets/HHvUPZ2XuLOAJxjR::candler-county-wide-view/explore,/workspace/gis-research/cards/GA/13043-candler.yaml
39,13049,Charlton,usable,63,county='Charlton' AND aadt>0,HTML-only,,HTML-only,HTML-only,HTML-only,,https://qpublic.schneidercorp.com/Application.aspx?App=CharltonCountyGA&Layer=Parcels&PageType=Report&KeyValue={parcelId},0006  016,pattern-tested,https://experience.arcgis.com/experience/e7b0834560024321a4825bb973115065,/workspace/gis-research/cards/GA/13049-charlton.yaml
40,13053,Chattahoochee,usable,26,county='Chattahoochee' AND aadt>0,HTML-only,,HTML-only,HTML-only,REST,Owner_name,https://qpublic.schneidercorp.com/Application.aspx?App=ChattahoocheeCountyGA&Layer=Parcels&PageType=Report&KeyValue={parcelId},001    0001,pattern-tested,https://www.arcgis.com/apps/mapviewer/index.html?webmap=1ec384d3885644ad8a701cb4e095ef3b,/workspace/gis-research/cards/GA/13053-chattahoochee.yaml
41,13061,Clay,usable,33,county='Clay' AND aadt>0,REST,curr_val;a_value;fmvres,HTML-only,HTML-only,REST,lastname,https://qpublic.schneidercorp.com/Application.aspx?App=clayCountyGA&Layer=Parcels&PageType=Report&KeyValue={parcelId},001    001,verified-by-source,https://garc.maps.arcgis.com/apps/webappviewer/index.html?id=603ec184e56e4d07b16939aa1f660e89,/workspace/gis-research/cards/GA/13061-clay.yaml
42,13069,Coffee,usable,187,county='Coffee' AND aadt>0,REST,CURR_VAL;A_VALUE;FMVRES,HTML-only,HTML-only,HTML-only,,https://qpublic.schneidercorp.com/Application.aspx?App=CoffeeCountyGA&Layer=Parcels&PageType=Report&KeyValue={parcelId},0116  026,pattern-tested,https://www.arcgis.com/apps/mapviewer/index.html?url=https://www.sgrcmaps.com/alma/rest/services/Coffee/CoffeeBackgroundLayers/MapServer,/workspace/gis-research/cards/GA/13069-coffee.yaml
43,13075,Cook,usable,127,county='Cook' AND aadt>0,REST,curr_val;a_value;fmvres,HTML-only,HTML-only,REST,lastname,https://qpublic.schneidercorp.com/Application.aspx?App=cookCountyGA&Layer=Parcels&PageType=Report&KeyValue={parcelId},0002  001,verified-by-source,https://qpublic.schneidercorp.com/Application.aspx?App=cookCountyGA&Layer=Parcels&PageType=Maps,/workspace/gis-research/cards/GA/13075-cook.yaml
44,13079,Crawford,usable,62,county='Crawford' AND aadt>0,HTML-only,,HTML-only,REST-partial,HTML-only,,https://qpublic.schneidercorp.com/Application.aspx?App=CrawfordCountyGA&Layer=Parcels&PageType=Report&KeyValue={parcelId},C001    002,pattern-tested,https://experience.arcgis.com/experience/56d0b053c26c4e8a8ebd50b001afa99f,/workspace/gis-research/cards/GA/13079-crawford.yaml
45,13081,Crisp,usable,190,county='Crisp' AND aadt>0,REST,curr_val;a_value;fmvres,HTML-only,REST-partial,REST,lastname,https://qpublic.schneidercorp.com/Application.aspx?App=crispCountyGA&Layer=Parcels&PageType=Report&KeyValue={parcelId},007K   028,verified-by-source,https://www.arcgis.com/apps/mapviewer/index.html?url=https://services1.arcgis.com/Ug5xGQbHsD8zuZzM/arcgis/rest/services/CrispParcels/FeatureServer,/workspace/gis-research/cards/GA/13081-crisp.yaml
46,13087,Decatur,usable,210,county='Decatur' AND aadt>0,HTML-only,,HTML-only,HTML-only,REST,OWNER,https://qpublic.schneidercorp.com/Application.aspx?App=DecaturCountyGA&Layer=Parcels&PageType=Report&KeyValue={parcelId},00010008,pattern-tested,https://www.arcgis.com/apps/mapviewer/index.html?url=https://services5.arcgis.com/TIhHfn6hMXyrVHu4/arcgis/rest/services/SmartGov_Parcel_Layer_6_2025/FeatureServer,/workspace/gis-research/cards/GA/13087-decatur.yaml
47,13091,Dodge,usable,153,county='Dodge' AND aadt>0,HTML-only,,HTML-only,HTML-only,HTML-only,,https://qpublic.schneidercorp.com/Application.aspx?App=DodgeCountyGA&Layer=Parcels&PageType=Report&KeyValue={parcelId},001001,pattern-tested,https://HOGARC.maps.arcgis.com/apps/webappviewer/index.html?id=bd971009402b4149aba90da63ae65907,/workspace/gis-research/cards/GA/13091-dodge.yaml
48,13093,Dooly,usable,108,county='Dooly' AND aadt>0,REST,curr_val;a_value;fmvres,HTML-only,HTML-only,REST,lastname,https://qpublic.schneidercorp.com/Application.aspx?App=doolyCountyGA&Layer=Parcels&PageType=Report&KeyValue={parcelId},  1      1,verified-by-source,https://www.arcgis.com/apps/mapviewer/index.html?url=https://services1.arcgis.com/Ug5xGQbHsD8zuZzM/arcgis/rest/services/Dooly_County_Parcels/FeatureServer,/workspace/gis-research/cards/GA/13093-dooly.yaml
49,13101,Echols,usable,32,county='Echols' AND aadt>0,REST,CURR_VAL;A_VALUE;FMVRES,HTML-only,HTML-only,REST,LASTNAME,https://qpublic.schneidercorp.com/Application.aspx?App=EcholsCountyGA&Layer=Parcels&PageType=Report&KeyValue={parcelId},043    001,pattern-tested,https://qpublic.schneidercorp.com/Application.aspx?AppID=765&LayerID=11801&PageTypeID=1&PageID=0,/workspace/gis-research/cards/GA/13101-echols.yaml
50,13107,Emanuel,usable,201,county='Emanuel' AND aadt>0,REST,curr_val;a_value;fmvres,HTML-only,HTML-only,REST,lastname,https://qpublic.schneidercorp.com/Application.aspx?App=emanuelCountyGA&Layer=Parcels&PageType=Report&KeyValue={parcelId},001    001,verified-by-source,https://www.arcgis.com/apps/mapviewer/index.html?url=https://services5.arcgis.com/HHvUPZ2XuLOAJxjR/arcgis/rest/services/Emanuel_CountyWide_GeoData_View/FeatureServer,/workspace/gis-research/cards/GA/13107-emanuel.yaml
51,13109,Evans,usable,61,county='Evans' AND aadt>0,HTML-only,,HTML-only,HTML-only,HTML-only,,https://qpublic.schneidercorp.com/Application.aspx?App=EvansCountyGA&Layer=Parcels&PageType=Report&KeyValue={parcelId},028    018,pattern-tested,https://www.arcgis.com/apps/mapviewer/index.html?url=https://services5.arcgis.com/HHvUPZ2XuLOAJxjR/arcgis/rest/services/Evan_CountyWide_GeoData_View/FeatureServer,/workspace/gis-research/cards/GA/13109-evans.yaml
52,13113,Fayette,usable,156,county='Fayette' AND aadt>0,REST,CNTASSDVAL;CNTTXBLVAL;LNDVALUE;PRVASSDVAL;cntassdval,HTML-only,REST-partial,REST,OWNERNME1,https://qpublic.schneidercorp.com/Application.aspx?App=FayetteCountyGA&Layer=Parcels&PageType=Report&KeyValue={parcelId},0402  029,pattern-tested,https://qpublic.schneidercorp.com/Application.aspx?App=FayetteCountyGA&Layer=Parcels&PageType=Map,/workspace/gis-research/cards/GA/13113-fayette.yaml
53,13115,Floyd,usable,345,county='Floyd' AND aadt>0,REST,LAND_VAL;IMP_VAL,HTML-only,REST,REST,OWNERNAME,https://qpublic.schneidercorp.com/Application.aspx?AppID=802&LayerID=13374&PageTypeID=4&PageID=6034&KeyValue={parcelId},A12 001,verified-by-source,https://romefloydgis.maps.arcgis.com/apps/webappviewer/index.html?id=51fd62729e134a95848be61fdcfae6f4,/workspace/gis-research/cards/GA/13115-floyd.yaml
54,13127,Glynn,usable,247,county='Glynn' AND aadt>0,HTML-only,,HTML-only,HTML-only,HTML-only,,https://qpublic.schneidercorp.com/Application.aspx?App=GlynnCountyGA&Layer=Parcels&PageType=Report&KeyValue={parcelId},01-03384,pattern-tested,https://glynn.maps.arcgis.com/apps/instant/sidebar/index.html?appid=e82fe78c023b43f885f7260e84363006,/workspace/gis-research/cards/GA/13127-glynn.yaml
55,13131,Grady,usable,172,county='Grady' AND aadt>0,REST,CURR_VAL;A_VALUE;FMVRES,HTML-only,HTML-only,REST,_v_ON,https://qpublic.schneidercorp.com/Application.aspx?App=GradyCountyGA&Layer=Parcels&PageType=Report&KeyValue={parcelId},00010021001,pattern-tested,https://www.arcgis.com/apps/mapviewer/index.html?url=https://wfs.schneidercorp.com/arcgis/rest/services/GradyCountyGA_WFS/MapServer,/workspace/gis-research/cards/GA/13131-grady.yaml
56,13133,Greene,usable,78,county='Greene' AND aadt>0,REST,curr_val;a_value;fmvres,HTML-only,HTML-only,REST,lastname,https://qpublic.schneidercorp.com/Application.aspx?App=greeneCountyGA&Layer=Parcels&PageType=Report&KeyValue={parcelId},034C000970,verified-by-source,https://www.arcgis.com/apps/mapviewer/index.html?webmap=fc8ff118a56a4753b3af080b26fa5caa,/workspace/gis-research/cards/GA/13133-greene.yaml
57,13139,Hall,usable,417,county='Hall' AND aadt>0,REST,LAND_VALUE,HTML-only,HTML-only,REST,OWNER,https://qpublic.schneidercorp.com/Application.aspx?App=HallCountyGA&Layer=Parcels&PageType=Report&KeyValue={parcelId},15016 000011X,pattern-tested,https://qpublic.schneidercorp.com/Application.aspx?App=HallCountyGA&Layer=Parcels&PageType=Map,/workspace/gis-research/cards/GA/13139-hall.yaml
58,13151,Henry,usable,290,county='Henry' AND aadt>0,HTML-only,,HTML-only,HTML-only,HTML-only,,https://qpublic.schneidercorp.com/Application.aspx?App=HenryCountyGA&Layer=Parcels&PageType=Report&KeyValue={parcelId},? 045,pattern-tested,https://qpublic.schneidercorp.com/Application.aspx?App=HenryCountyGA&Layer=Parcels&PageType=Map,/workspace/gis-research/cards/GA/13151-henry.yaml
59,13153,Houston,usable,312,county='Houston' AND aadt>0,REST,CURR_VAL,HTML-only,HTML-only,REST,LASTNAME,https://qpublic.schneidercorp.com/Application.aspx?App=HoustonCountyGA&Layer=Parcels&PageType=Report&KeyValue={parcelId},00049E    074000,pattern-tested,https://garc.maps.arcgis.com/apps/webappviewer/index.html?id=bc820c2f01784c4f8e47e7327e866932,/workspace/gis-research/cards/GA/13153-houston.yaml
60,13155,Irwin,usable,77,county='Irwin' AND aadt>0,REST,CURR_VAL;A_VALUE;FMVRES,HTML-only,HTML-only,REST,LASTNAME,https://qpublic.schneidercorp.com/Application.aspx?App=IrwinCountyGA&Layer=Parcels&PageType=Report&KeyValue={parcelId},0030   0001,pattern-tested,https://www.arcgis.com/apps/mapviewer/index.html?url=https://www.sgrcmaps.com/alma/rest/services/Irwin/ParcelInformation/MapServer,/workspace/gis-research/cards/GA/13155-irwin.yaml
61,13157,Jackson,usable,184,county='Jackson' AND aadt>0,REST,FMVRES;FMVACC;FMVCOM,HTML-only,HTML-only,REST,LASTNAME,https://qpublic.schneidercorp.com/Application.aspx?App=JacksonCountyGA&Layer=Parcels&PageType=Report&KeyValue={parcelId},001    001A,pattern-tested,https://qpublic.schneidercorp.com/Application.aspx?App=JacksonCountyGA&Layer=Parcels&PageType=Map,/workspace/gis-research/cards/GA/13157-jackson.yaml
62,13161,Jeff Davis,usable,64,county='Jeff Davis' AND aadt>0,HTML-only,,HTML-only,HTML-only,HTML-only,,https://qpublic.schneidercorp.com/Application.aspx?App=JeffDavisCountyGA&Layer=Parcels&PageType=Report&KeyValue={parcelId},0001  001,pattern-tested,https://www.arcgis.com/apps/mapviewer/index.html?url=https://services5.arcgis.com/HHvUPZ2XuLOAJxjR/arcgis/rest/services/JeffDavis_County_Wide_GeoData_view/FeatureServer,/workspace/gis-research/cards/GA/13161-jeff-davis.yaml
63,13173,Lanier,usable,65,county='Lanier' AND aadt>0,HTML-only,,HTML-only,HTML-only,REST,LASTNAME,https://qpublic.schneidercorp.com/Application.aspx?App=LanierCountyGA&Layer=Parcels&PageType=Report&KeyValue={parcelId},048 0003,pattern-tested,https://www.arcgis.com/apps/mapviewer/index.html?layers=3c9c440d6e1343fe808f5b4abad9499b,/workspace/gis-research/cards/GA/13173-lanier.yaml
64,13175,Laurens,usable,272,county='Laurens' AND aadt>0,HTML-only,,HTML-only,HTML-only,HTML-only,,https://qpublic.schneidercorp.com/Application.aspx?App=LaurensCountyGA&Layer=Parcels&PageType=Report&KeyValue={parcelId},002    001,pattern-tested,https://hogarc-hogarc.opendata.arcgis.com/datasets/HHvUPZ2XuLOAJxjR::laurens-county-wide-view/explore,/workspace/gis-research/cards/GA/13175-laurens.yaml
65,13179,Liberty,usable,115,county='Liberty' AND aadt>0,HTML-only,,HTML-only,HTML-only,REST,Owner_Name,https://qpublic.schneidercorp.com/Application.aspx?App=LibertyCountyGA&Layer=Parcels&PageType=Report&KeyValue={parcelId},131____001,pattern-tested,https://qpublic.schneidercorp.com/Application.aspx?App=LibertyCountyGA&Layer=Parcels&PageType=Map,/workspace/gis-research/cards/GA/13179-liberty.yaml
66,13183,Long,usable,29,county='Long' AND aadt>0,HTML-only,,HTML-only,HTML-only,HTML-only,,https://qpublic.schneidercorp.com/Application.aspx?App=LongCountyGA&Layer=Parcels&PageType=Report&KeyValue={parcelId},086    001,pattern-tested,https://segrass.maps.arcgis.com/apps/instant/filtergallery/index.html?appid=1a381d74ec9145539209085cd865dbc5,/workspace/gis-research/cards/GA/13183-long.yaml
67,13185,Lowndes,usable,350,county='Lowndes' AND aadt>0,REST,CURR_VAL;A_VALUE;FMVRES,HTML-only,REST-partial,REST,LASTNAME,https://qpublic.schneidercorp.com/Application.aspx?App=LowndesCountyGA&Layer=Parcels&PageType=Report&KeyValue={parcelId},0046D 004,pattern-tested,https://www.valorgis.com/,/workspace/gis-research/cards/GA/13185-lowndes.yaml
68,13187,Lumpkin,usable,72,county='Lumpkin' AND aadt>0,HTML-only,,HTML-only,HTML-only,REST,lastname,https://qpublic.schneidercorp.com/Application.aspx?App=LumpkinCountyGA&Layer=Parcels&PageType=Report&KeyValue={parcelId},012    179,pattern-tested,https://qpublic.schneidercorp.com/Application.aspx?App=LumpkinCountyGA&Layer=Parcels&PageType=Map,/workspace/gis-research/cards/GA/13187-lumpkin.yaml
69,13189,McDuffie,usable (unverified 2026-09-28 - host unreachable from box),124,county='McDuffie' AND aadt>0,HTML-only,,HTML-only,HTML-only,REST,Name,https://qpublic.schneidercorp.com/Application.aspx?App=McDuffieCountyGA&Layer=Parcels&PageType=Report&KeyValue={parcelId},,untested-with-real-id,https://gis.thomson-mcduffie.net/portal/apps/webappviewer/index.html?id=1391fae3272443b7a5e69d6a63b8b403,/workspace/gis-research/cards/GA/13189-mcduffie.yaml
70,13191,McIntosh,usable,54,county='McIntosh' AND aadt>0,HTML-only,,HTML-only,HTML-only,REST,Owner,https://qpublic.schneidercorp.com/Application.aspx?App=McintoshCountyGA&Layer=Parcels&PageType=Report&KeyValue={parcelId},0064C  0027,pattern-tested,https://segrass.maps.arcgis.com/apps/instant/filtergallery/index.html?appid=91a17fe1f67343a2a6897c3f7917217f,/workspace/gis-research/cards/GA/13191-mcintosh.yaml
71,13193,Macon,usable,77,county='Macon' AND aadt>0,REST,Curr_Val,HTML-only,HTML-only,REST,Owner,https://qpublic.schneidercorp.com/Application.aspx?App=MaconCountyGA&Layer=Parcels&PageType=Report&KeyValue={parcelId},1009O  0004P,pattern-tested,https://garc.maps.arcgis.com/apps/webappviewer/index.html?id=3cd0257d900244738f30223999a11445,/workspace/gis-research/cards/GA/13193-macon.yaml
72,13199,Meriwether,usable,146,county='Meriwether' AND aadt>0,REST,curr_val;a_value;fmvres,HTML-only,HTML-only,REST,lastname,https://qpublic.schneidercorp.com/Application.aspx?App=meriwetherCountyGA&Layer=Parcels&PageType=Report&KeyValue={parcelId},021    037,verified-by-source,https://qpublic.schneidercorp.com/Application.aspx?App=meriwetherCountyGA&Layer=Parcels&PageType=Map,/workspace/gis-research/cards/GA/13199-meriwether.yaml
73,13209,Montgomery,usable,76,county='Montgomery' AND aadt>0,HTML-only,,HTML-only,HTML-only,HTML-only,,https://qpublic.schneidercorp.com/Application.aspx?App=montgomeryCountyGA&Layer=Parcels&PageType=Report&KeyValue={parcelId},002    001,verified-by-source,https://www.arcgis.com/apps/mapviewer/index.html?url=https://services5.arcgis.com/HHvUPZ2XuLOAJxjR/arcgis/rest/services/Montgomery_County_Wide_View/FeatureServer,/workspace/gis-research/cards/GA/13209-montgomery.yaml
74,13211,Morgan,usable,138,county='Morgan' AND aadt>0,REST,CURR_VAL,HTML-only,REST-partial,HTML-only,,https://qpublic.schneidercorp.com/Application.aspx?App=morganCountyGA&Layer=Parcels&PageType=Report&KeyValue={parcelId},001    001,pattern-tested,https://qpublic.schneidercorp.com/Application.aspx?App=morganCountyGA&Layer=Parcels&PageType=Map,/workspace/gis-research/cards/GA/13211-morgan.yaml
75,13229,Pierce,usable,71,county='Pierce' AND aadt>0,REST,CURR_VAL;A_VALUE;FMVRES,HTML-only,HTML-only,REST,LASTNAME,https://qpublic.schneidercorp.com/Application.aspx?App=PierceCountyGA&Layer=Parcels&PageType=Report&KeyValue={parcelId},001    001,pattern-tested,https://sgrc.maps.arcgis.com/apps/webappviewer/index.html?id=83a7e536995d4a16932a41001432d990,/workspace/gis-research/cards/GA/13229-pierce.yaml
76,13235,Pulaski,usable,61,county='Pulaski' AND aadt>0,HTML-only,,HTML-only,REST-partial,REST,OwnerName,https://qpublic.schneidercorp.com/Application.aspx?App=PulaskiCountyGA&Layer=Parcels&PageType=Report&KeyValue={parcelId},2T081380005,pattern-tested,https://experience.arcgis.com/experience/7aa5090946604eb0ad53e77221b15aaf,/workspace/gis-research/cards/GA/13235-pulaski.yaml
77,13247,Rockdale,usable,148,county='Rockdale' AND aadt>0,REST,Fair_Marke;Tax_Year;Valuation,HTML-only,HTML-only,HTML-only,,https://qpublic.schneidercorp.com/Application.aspx?App=RockdaleCountyGA&Layer=Parcels&PageType=Report&KeyValue={parcelId},075A010040,pattern-tested,https://qpublic.schneidercorp.com/Application.aspx?App=RockdaleCountyGA&Layer=Parcels&PageType=Map,/workspace/gis-research/cards/GA/13247-rockdale.yaml
78,13255,Spalding,usable,216,county='Spalding' AND aadt>0,HTML-only,,HTML-only,HTML-only,HTML-only,,https://qpublic.schneidercorp.com/Application.aspx?App=SpaldingCountyGA&Layer=Parcels&PageType=Report&KeyValue={parcelId},267A02041,pattern-tested,https://qpublic.schneidercorp.com/Application.aspx?App=SpaldingCountyGA&Layer=Parcels&PageType=Map,/workspace/gis-research/cards/GA/13255-spalding.yaml
79,13261,Sumter,usable,163,county='Sumter' AND aadt>0,REST,CNTASSDVAL;LNDVALUE;PRVASSDVAL,HTML-only,REST,REST,OWNERNME1,https://qpublic.schneidercorp.com/Application.aspx?App=SumterCountyGA&Layer=Parcels&PageType=Report&KeyValue={parcelId},1530    13   7,pattern-tested,https://maps.kcsgis.com/ga.americus_sumter_public/,/workspace/gis-research/cards/GA/13261-sumter.yaml
80,13263,Talbot,usable,72,county='Talbot' AND aadt>0,REST,curr_val;a_value;fmvres,HTML-only,HTML-only,REST,lastname,https://qpublic.schneidercorp.com/Application.aspx?App=talbotCountyGA&Layer=Parcels&PageType=Report&KeyValue={parcelId},005 00301,verified-by-source,https://qpublic.schneidercorp.com/Application.aspx?AppID=680&LayerID=11370&PageTypeID=1,/workspace/gis-research/cards/GA/13263-talbot.yaml
81,13267,Tattnall,usable,92,county='Tattnall' AND aadt>0,HTML-only,,HTML-only,HTML-only,HTML-only,,https://qpublic.schneidercorp.com/Application.aspx?App=TattnallCountyGA&Layer=Parcels&PageType=Report&KeyValue={parcelId},001    001,pattern-tested,https://hogarc-hogarc.opendata.arcgis.com/datasets/HHvUPZ2XuLOAJxjR::tattnall-countywide-geodata-view/explore,/workspace/gis-research/cards/GA/13267-tattnall.yaml
82,13271,Telfair,usable,77,county='Telfair' AND aadt>0,HTML-only,,HTML-only,HTML-only,HTML-only,,https://qpublic.schneidercorp.com/Application.aspx?App=TelfairCountyGA&Layer=Parcels&PageType=Report&KeyValue={parcelId},,untested-with-real-id,https://www.arcgis.com/apps/mapviewer/index.html?url=https://services5.arcgis.com/HHvUPZ2XuLOAJxjR/arcgis/rest/services/Telfair_County_Wide_View/FeatureServer,/workspace/gis-research/cards/GA/13271-telfair.yaml
83,13275,Thomas,usable,270,county='Thomas' AND aadt>0,REST,CURR_VAL,HTML-only,HTML-only,REST,LASTNAME,https://qpublic.schneidercorp.com/Application.aspx?App=ThomasCountyGA&Layer=Parcels&PageType=Report&KeyValue={parcelId},001    001,pattern-tested,https://www.thomascountymaps.org/cmap/,/workspace/gis-research/cards/GA/13275-thomas.yaml
84,13277,Tift,usable,267,county='Tift' AND aadt>0,HTML-only,,HTML-only,HTML-only,REST,OwnerName,https://qpublic.schneidercorp.com/Application.aspx?AppID=691&LayerID=11381&PageTypeID=4&PageID=4813&KeyValue={parcelId},0017  010A,verified-by-source,https://garc.maps.arcgis.com/apps/webappviewer/index.html?id=8549dd1b9a1e4a6fb795e76cc3ea539e,/workspace/gis-research/cards/GA/13277-tift.yaml
85,13279,Toombs,usable,144,county='Toombs' AND aadt>0,REST,curr_val;a_value;fmvres,HTML-only,HTML-only,REST,lastname,https://qpublic.schneidercorp.com/Application.aspx?App=toombsCountyGA&Layer=Parcels&PageType=Report&KeyValue={parcelId},C01    001,verified-by-source,https://hogarc-hogarc.opendata.arcgis.com/datasets/HHvUPZ2XuLOAJxjR::toombs-county-wide-view/explore,/workspace/gis-research/cards/GA/13279-toombs.yaml
86,13285,Troup,usable,273,county='Troup' AND aadt>0,HTML-only,,HTML-only,HTML-only,HTML-only,,https://beacon.schneidercorp.com/Application.aspx?AppID=633&LayerID=18434&PageTypeID=4&KeyValue={parcelId},047A,pattern-tested,https://troupcountyga.maps.arcgis.com/apps/webappviewer/index.html?id=822f5ee9782a44ffb02a71faee6f75ab,/workspace/gis-research/cards/GA/13285-troup.yaml
87,13287,Turner,usable,96,county='Turner' AND aadt>0,REST,curr_val;a_value;fmvres,HTML-only,REST-partial,REST,lastname,https://qpublic.schneidercorp.com/Application.aspx?App=turnerCountyGA&Layer=Parcels&PageType=Report&KeyValue={parcelId},001    001,verified-by-source,https://experience.arcgis.com/experience/19b7fdc1ffca4a9fb31ad8001bbfec71,/workspace/gis-research/cards/GA/13287-turner.yaml
88,13289,Twiggs,usable,85,county='Twiggs' AND aadt>0,REST,CURR_VAL,HTML-only,HTML-only,REST,LASTNAME,https://qpublic.schneidercorp.com/Application.aspx?App=TwiggsCountyGA&Layer=Parcels&PageType=Report&KeyValue={parcelId},DV01   001,pattern-tested,https://experience.arcgis.com/experience/e11d694d30bb48c095d9e33529d842e3,/workspace/gis-research/cards/GA/13289-twiggs.yaml
89,13299,Ware,usable,192,county='Ware' AND aadt>0,HTML-only,,HTML-only,HTML-only,HTML-only,,https://qpublic.schneidercorp.com/Application.aspx?App=WareCountyGA&Layer=Parcels&PageType=Report&KeyValue={parcelId},154    008,pattern-tested,https://warecogis.maps.arcgis.com/apps/webappviewer/index.html?id=360c2d9273df432b8b8362096abd9b84,/workspace/gis-research/cards/GA/13299-ware.yaml
90,13309,Wheeler,usable,51,county='Wheeler' AND aadt>0,HTML-only,,HTML-only,HTML-only,HTML-only,,https://qpublic.schneidercorp.com/Application.aspx?App=WheelerCountyGA&Layer=Parcels&PageType=Report&KeyValue={parcelId},0001  001,pattern-tested,https://www.arcgis.com/apps/mapviewer/index.html?url=https://services5.arcgis.com/HHvUPZ2XuLOAJxjR/arcgis/rest/services/Wheeler_County_View/FeatureServer,/workspace/gis-research/cards/GA/13309-wheeler.yaml
91,13313,Whitfield,usable,283,county='Whitfield' AND aadt>0,REST,land_value,HTML-only,REST-partial,REST,lastname,https://qpublic.schneidercorp.com/Application.aspx?App=WhitfieldCountyGA&Layer=Parcels&PageType=Report&KeyValue={parcelId},12-313-12-000,pattern-tested,https://gis.whitfieldcountyga.com/GIS/WCGIS/,/workspace/gis-research/cards/GA/13313-whitfield.yaml
92,13315,Wilcox,usable,65,county='Wilcox' AND aadt>0,HTML-only,,HTML-only,HTML-only,HTML-only,,https://qpublic.schneidercorp.com/Application.aspx?App=WilcoxCountyGA&Layer=Parcels&PageType=Report&KeyValue={parcelId},001    002,pattern-tested,https://www.arcgis.com/apps/mapviewer/index.html?url=https://services5.arcgis.com/HHvUPZ2XuLOAJxjR/arcgis/rest/services/Wilcox_County_Wide_View/FeatureServer,/workspace/gis-research/cards/GA/13315-wilcox.yaml
93,13319,Wilkinson,gap,95,county='Wilkinson' AND aadt>0,HTML-only,,HTML-only,HTML-only,HTML-only,,https://qpublic.schneidercorp.com/Application.aspx?App=WilkinsonCountyGA&Layer=Parcels&PageType=Report&KeyValue={parcelId},023    022,pattern-tested,https://www.qpublic.net/ga/wilkinson/,/workspace/gis-research/cards/GA/13319-wilkinson.yaml
94,13005,Bacon,gap,75,county='Bacon' AND aadt>0,HTML-only,,HTML-only,HTML-only,HTML-only,,https://qpublic.schneidercorp.com/Application.aspx?App=BaconCountyGA&Layer=Parcels&PageType=Report&KeyValue={parcelId},,untested-with-real-id,https://qpublic.schneidercorp.com/Application.aspx?App=BaconCountyGA&Layer=Parcels&PageType=Maps,/workspace/gis-research/cards/GA/13005-bacon.yaml
95,13007,Baker,gap,42,county='Baker' AND aadt>0,HTML-only,,HTML-only,HTML-only,HTML-only,,https://qpublic.schneidercorp.com/Application.aspx?App=BakerCountyGA&Layer=Parcels&PageType=Report&KeyValue={parcelId},,untested-with-real-id,https://qpublic.schneidercorp.com/Application.aspx?App=BakerCountyGA&Layer=Parcels&PageType=Maps,/workspace/gis-research/cards/GA/13007-baker.yaml
96,13019,Berrien,gap,83,county='Berrien' AND aadt>0,HTML-only,,HTML-only,HTML-only,HTML-only,,https://qpublic.schneidercorp.com/Application.aspx?App=BerrienCountyGA&Layer=Parcels&PageType=Report&KeyValue={parcelId},N06     86 001,pattern-tested,https://qpublic.schneidercorp.com/Application.aspx?App=BerrienCountyGA&Layer=Parcels&PageType=Search,/workspace/gis-research/cards/GA/13019-berrien.yaml
97,13033,Burke,gap,126,county='Burke' AND aadt>0,HTML-only,,HTML-only,HTML-only,HTML-only,,https://qpublic.schneidercorp.com/Application.aspx?App=BurkeCountyGA&Layer=Parcels&PageType=Report&KeyValue={parcelId},,untested-with-real-id,https://qpublic.schneidercorp.com/Application.aspx?App=BurkeCountyGA&Layer=Parcels&PageType=Maps,/workspace/gis-research/cards/GA/13033-burke.yaml
98,13037,Calhoun,gap,63,county='Calhoun' AND aadt>0,HTML-only,,HTML-only,HTML-only,HTML-only,,https://qpublic.schneidercorp.com/Application.aspx?App=CalhounCountyGA&Layer=Parcels&PageType=Report&KeyValue={parcelId},,untested-with-real-id,https://qpublic.schneidercorp.com/Application.aspx?App=CalhounCountyGA&Layer=Parcels&PageType=Maps,/workspace/gis-research/cards/GA/13037-calhoun.yaml
99,13065,Clinch,gap,51,county='Clinch' AND aadt>0,HTML-only,,HTML-only,HTML-only,HTML-only,,https://qpublic.schneidercorp.com/Application.aspx?App=ClinchCountyGA&Layer=Parcels&PageType=Report&KeyValue={parcelId},,untested-with-real-id,https://qpublic.schneidercorp.com/Application.aspx?AppID=734&LayerID=11773&PageTypeID=1&PageID=0,/workspace/gis-research/cards/GA/13065-clinch.yaml
100,13071,Colquitt,gap,227,county='Colquitt' AND aadt>0,HTML-only,,HTML-only,HTML-only,HTML-only,,https://qpublic.schneidercorp.com/Application.aspx?App=ColquittCountyGA&Layer=Parcels&PageType=Report&KeyValue={parcelId},,untested-with-real-id,https://qpublic.schneidercorp.com/Application.aspx?App=ColquittCountyGA&Layer=Parcels&PageType=Maps,/workspace/gis-research/cards/GA/13071-colquitt.yaml
101,13105,Elbert,gap,163,county='Elbert' AND aadt>0,HTML-only,,HTML-only,HTML-only,HTML-only,,https://qpublic.schneidercorp.com/Application.aspx?App=ElbertCountyGA&Layer=Parcels&PageType=Report&KeyValue={parcelId},,untested-with-real-id,https://qpublic.schneidercorp.com/Application.aspx?AppID=667&LayerID=11830&PageTypeID=1&PageID=0,/workspace/gis-research/cards/GA/13105-elbert.yaml
102,13111,Fannin,gap,90,county='Fannin' AND aadt>0,HTML-only,,HTML-only,HTML-only,HTML-only,,https://qpublic.schneidercorp.com/Application.aspx?App=FanninCountyGA&Layer=Parcels&PageType=Report&KeyValue={parcelId},,untested-with-real-id,https://qpublic.schneidercorp.com/Application.aspx?App=FanninCountyGA&Layer=Parcels&PageType=Maps,/workspace/gis-research/cards/GA/13111-fannin.yaml
103,13141,Hancock,gap,74,county='Hancock' AND aadt>0,HTML-only,,HTML-only,HTML-only,HTML-only,,https://qpublic.schneidercorp.com/Application.aspx?App=HancockCountyGA&Layer=Parcels&PageType=Report&KeyValue={parcelId},,untested-with-real-id,https://qpublic.schneidercorp.com/Application.aspx?App=HancockCountyGA&Layer=Parcels&PageType=Maps,/workspace/gis-research/cards/GA/13141-hancock.yaml
104,13143,Haralson,blocked,123,county='Haralson' AND aadt>0,HTML-only,,HTML-only,HTML-only,HTML-only,,https://qpublic.schneidercorp.com/Application.aspx?App=HaralsonCountyGA&Layer=Parcels&PageType=Report&KeyValue={parcelId},,untested-with-real-id,https://qpublic.schneidercorp.com/Application.aspx?App=HaralsonCountyGA&Layer=Parcels&PageType=Map,/workspace/gis-research/cards/GA/13143-haralson.yaml
105,13149,Heard,blocked,55,county='Heard' AND aadt>0,HTML-only,,HTML-only,HTML-only,HTML-only,,https://qpublic.schneidercorp.com/Application.aspx?App=HeardCountyGA&Layer=Parcels&PageType=Report&KeyValue={parcelId},,untested-with-real-id,https://qpublic.schneidercorp.com/Application.aspx?App=HeardCountyGA&Layer=Parcels&PageType=Map,/workspace/gis-research/cards/GA/13149-heard.yaml
106,13165,Jenkins,gap,54,county='Jenkins' AND aadt>0,HTML-only,,HTML-only,HTML-only,HTML-only,,https://qpublic.schneidercorp.com/Application.aspx?App=JenkinsCountyGA&Layer=Parcels&PageType=Report&KeyValue={parcelId},,untested-with-real-id,https://qpublic.schneidercorp.com/Application.aspx?App=JenkinsCountyGA&Layer=Parcels&PageType=Maps,/workspace/gis-research/cards/GA/13165-jenkins.yaml
107,13169,Jones,gap,81,county='Jones' AND aadt>0,HTML-only,,HTML-only,HTML-only,HTML-only,,https://qpublic.schneidercorp.com/Application.aspx?App=JonesCountyGA&Layer=Parcels&PageType=Report&KeyValue={parcelId},,untested-with-real-id,https://qpublic.schneidercorp.com/Application.aspx?App=JonesCountyGA&Layer=Parcels&PageType=Search,/workspace/gis-research/cards/GA/13169-jones.yaml
108,13181,Lincoln,gap,49,county='Lincoln' AND aadt>0,HTML-only,,HTML-only,HTML-only,HTML-only,,https://qpublic.schneidercorp.com/Application.aspx?App=LincolnCountyGA&Layer=Parcels&PageType=Report&KeyValue={parcelId},,untested-with-real-id,https://qpublic.schneidercorp.com/Application.aspx?App=LincolnCountyGA&Layer=Parcels&PageType=Maps,/workspace/gis-research/cards/GA/13181-lincoln.yaml
109,13195,Madison,gap,110,county='Madison' AND aadt>0,HTML-only,,HTML-only,HTML-only,HTML-only,,https://qpublic.schneidercorp.com/Application.aspx?App=MadisonCountyGA&Layer=Parcels&PageType=Report&KeyValue={parcelId},,untested-with-real-id,https://qpublic.schneidercorp.com/Application.aspx?App=MadisonCountyGA&Layer=Parcels&PageType=Maps,/workspace/gis-research/cards/GA/13195-madison.yaml
110,13197,Marion,gap,66,county='Marion' AND aadt>0,HTML-only,,HTML-only,HTML-only,HTML-only,,https://qpublic.schneidercorp.com/Application.aspx?App=MarionCountyGA&Layer=Parcels&PageType=Report&KeyValue={parcelId},,untested-with-real-id,https://qpublic.schneidercorp.com/Application.aspx?App=MarionCountyGA&Layer=Parcels&PageType=Maps,/workspace/gis-research/cards/GA/13197-marion.yaml
111,13201,Miller,gap,66,county='Miller' AND aadt>0,HTML-only,,HTML-only,HTML-only,HTML-only,,https://qpublic.schneidercorp.com/Application.aspx?App=MillerCountyGA&Layer=Parcels&PageType=Report&KeyValue={parcelId},,untested-with-real-id,https://qpublic.schneidercorp.com/Application.aspx?App=MillerCountyGA&Layer=Parcels&PageType=Maps,/workspace/gis-research/cards/GA/13201-miller.yaml
112,13213,Murray,gap,75,county='Murray' AND aadt>0,HTML-only,,HTML-only,HTML-only,HTML-only,,https://qpublic.schneidercorp.com/Application.aspx?App=MurrayCountyGA&Layer=Parcels&PageType=Report&KeyValue={parcelId},,untested-with-real-id,https://murraycountyga.org/488/Murray-County-Online-Maps,/workspace/gis-research/cards/GA/13213-murray.yaml
113,13227,Pickens,blocked,73,county='Pickens' AND aadt>0,HTML-only,,HTML-only,HTML-only,REST,OWNERNAME,https://qpublic.schneidercorp.com/Application.aspx?App=JasperCountyGA&Layer=Parcels&PageType=Report&KeyValue={parcelId},,untested-with-real-id,https://qpublic.schneidercorp.com/Application.aspx?App=JasperCountyGA&Layer=Parcels&PageType=Map,/workspace/gis-research/cards/GA/13227-pickens.yaml
114,13233,Polk,gap,192,county='Polk' AND aadt>0,HTML-only,,HTML-only,HTML-only,HTML-only,,https://qpublic.schneidercorp.com/Application.aspx?App=PolkCountyGA&Layer=Parcels&PageType=Report&KeyValue={parcelId},,untested-with-real-id,https://qpublic.schneidercorp.com/Application.aspx?AppID=690&LayerID=11379&PageTypeID=1,/workspace/gis-research/cards/GA/13233-polk.yaml
115,13237,Putnam,gap,72,county='Putnam' AND aadt>0,HTML-only,,HTML-only,HTML-only,HTML-only,,https://qpublic.schneidercorp.com/Application.aspx?App=PutnamCountyGA&Layer=Parcels&PageType=Report&KeyValue={parcelId},,untested-with-real-id,https://garc.maps.arcgis.com/apps/webappviewer/index.html?id=9c4dce50a1d6459ebc12c894f0754b65,/workspace/gis-research/cards/GA/13237-putnam.yaml
116,13241,Rabun,gap,82,county='Rabun' AND aadt>0,HTML-only,,HTML-only,HTML-only,HTML-only,,https://qpublic.schneidercorp.com/Application.aspx?App=RabunCountyGA&Layer=Parcels&PageType=Report&KeyValue={parcelId},,untested-with-real-id,https://maps.roktech.net/ROKMAPS_Rabun/,/workspace/gis-research/cards/GA/13241-rabun.yaml
117,13243,Randolph,gap,54,county='Randolph' AND aadt>0,HTML-only,,HTML-only,HTML-only,HTML-only,,https://qpublic.schneidercorp.com/Application.aspx?App=RandolphCountyGA&Layer=Parcels&PageType=Report&KeyValue={parcelId},,untested-with-real-id,https://qpublic.schneidercorp.com/Application.aspx?App=RandolphCountyGA&Layer=Parcels&PageType=Maps,/workspace/gis-research/cards/GA/13243-randolph.yaml
118,13253,Seminole,gap,66,county='Seminole' AND aadt>0,HTML-only,,HTML-only,HTML-only,HTML-only,,https://qpublic.schneidercorp.com/Application.aspx?App=SeminoleCountyGA&Layer=Parcels&PageType=Report&KeyValue={parcelId},,untested-with-real-id,https://qpublic.schneidercorp.com/Application.aspx?App=SeminoleCountyGA&Layer=Parcels&PageType=Maps,/workspace/gis-research/cards/GA/13253-seminole.yaml
119,13257,Stephens,gap,166,county='Stephens' AND aadt>0,HTML-only,,HTML-only,HTML-only,HTML-only,,https://qpublic.schneidercorp.com/Application.aspx?App=StephensCountyGA&Layer=Parcels&PageType=Report&KeyValue={parcelId},,untested-with-real-id,https://maps.roktech.net/ROKMAPS_Stephens/,/workspace/gis-research/cards/GA/13257-stephens.yaml
120,13265,Taliaferro,gap,40,county='Taliaferro' AND aadt>0,HTML-only,,HTML-only,HTML-only,HTML-only,,https://beacon.schneidercorp.com/Application.aspx?AppID=798&LayerID=11839&PageTypeID=4&KeyValue={parcelId},,untested-with-real-id,https://beacon.schneidercorp.com/Application.aspx?AppID=798&LayerID=11839&PageTypeID=1,/workspace/gis-research/cards/GA/13265-taliaferro.yaml
121,13273,Terrell,gap,91,county='Terrell' AND aadt>0,HTML-only,,HTML-only,HTML-only,HTML-only,,https://qpublic.schneidercorp.com/Application.aspx?App=TerrellCountyGA&Layer=Parcels&PageType=Report&KeyValue={parcelId},,untested-with-real-id,https://qpublic.schneidercorp.com/Application.aspx?App=TerrellCountyGA&Layer=Parcels&PageType=Maps,/workspace/gis-research/cards/GA/13273-terrell.yaml
122,13281,Towns,gap,48,county='Towns' AND aadt>0,HTML-only,,HTML-only,HTML-only,HTML-only,,https://qpublic.schneidercorp.com/Application.aspx?App=TownsCountyGA&Layer=Parcels&PageType=Report&KeyValue={parcelId},,untested-with-real-id,https://maps.roktech.net/ROKMAPS_Towns/,/workspace/gis-research/cards/GA/13281-towns.yaml
123,13301,Warren,gap,93,county='Warren' AND aadt>0,HTML-only,,HTML-only,HTML-only,HTML-only,,https://qpublic.schneidercorp.com/Application.aspx?App=WarrenCountyGA&Layer=Parcels&PageType=Report&KeyValue={parcelId},,untested-with-real-id,https://qpublic.schneidercorp.com/Application.aspx?AppID=776&LayerID=12558&PageTypeID=1,/workspace/gis-research/cards/GA/13301-warren.yaml
124,13303,Washington,gap,144,county='Washington' AND aadt>0,HTML-only,,HTML-only,HTML-only,HTML-only,,https://qpublic.schneidercorp.com/Application.aspx?App=WashingtonCountyGA&Layer=Parcels&PageType=Report&KeyValue={parcelId},,untested-with-real-id,https://qpublic.schneidercorp.com/Application.aspx?AppID=720&LayerID=11437&PageTypeID=1,/workspace/gis-research/cards/GA/13303-washington.yaml
125,13307,Webster,gap,36,county='Webster' AND aadt>0,HTML-only,,HTML-only,HTML-only,HTML-only,,https://qpublic.schneidercorp.com/Application.aspx?App=WebsterCountyGA&Layer=Parcels&PageType=Report&KeyValue={parcelId},,untested-with-real-id,https://qpublic.schneidercorp.com/Application.aspx?AppID=774&LayerID=11810&PageTypeID=1,/workspace/gis-research/cards/GA/13307-webster.yaml
126,13317,Wilkes,gap,94,county='Wilkes' AND aadt>0,HTML-only,,HTML-only,HTML-only,HTML-only,,https://qpublic.schneidercorp.com/Application.aspx?App=WilkesCountyGA&Layer=Parcels&PageType=Report&KeyValue={parcelId},062    013A01,pattern-tested,https://qpublic.schneidercorp.com/Application.aspx?AppID=693&LayerID=11393&PageTypeID=1,/workspace/gis-research/cards/GA/13317-wilkes.yaml
