fips,county,tract_count,source_file,lsb_status,in_app_map_data
13001,Appling,6,"coverage/rural-oz-priority-counties-statewide-appendix-2026-09-28.csv (IRS Rev. Proc. 2026-14 appendix, Rural)",carded,no
13003,Atkinson,2,"coverage/rural-oz-priority-counties-statewide-appendix-2026-09-28.csv (IRS Rev. Proc. 2026-14 appendix, Rural)",carded,no
13005,Bacon,3,"coverage/rural-oz-priority-counties-statewide-appendix-2026-09-28.csv (IRS Rev. Proc. 2026-14 appendix, Rural)",carded,no
13007,Baker,2,"coverage/rural-oz-priority-counties-statewide-appendix-2026-09-28.csv (IRS Rev. Proc. 2026-14 appendix, Rural)",carded,no
13009,Baldwin,6,"coverage/rural-oz-priority-counties-statewide-appendix-2026-09-28.csv (IRS Rev. Proc. 2026-14 appendix, Rural)",carded,no
13011,Banks,1,"coverage/rural-oz-priority-counties-statewide-appendix-2026-09-28.csv (IRS Rev. Proc. 2026-14 appendix, Rural)",carded,yes
13013,Barrow,3,"coverage/rural-oz-priority-counties-statewide-appendix-2026-09-28.csv (IRS Rev. Proc. 2026-14 appendix, Rural)",live,yes
13015,Bartow,4,"coverage/rural-oz-priority-counties-statewide-appendix-2026-09-28.csv (IRS Rev. Proc. 2026-14 appendix, Rural)",live,yes
13017,Ben Hill,5,"coverage/rural-oz-priority-counties-statewide-appendix-2026-09-28.csv (IRS Rev. Proc. 2026-14 appendix, Rural)",carded,no
13019,Berrien,5,"coverage/rural-oz-priority-counties-statewide-appendix-2026-09-28.csv (IRS Rev. Proc. 2026-14 appendix, Rural)",carded,no
13023,Bleckley,2,"coverage/rural-oz-priority-counties-statewide-appendix-2026-09-28.csv (IRS Rev. Proc. 2026-14 appendix, Rural)",carded,no
13025,Brantley,2,"coverage/rural-oz-priority-counties-statewide-appendix-2026-09-28.csv (IRS Rev. Proc. 2026-14 appendix, Rural)",carded,no
13027,Brooks,3,"coverage/rural-oz-priority-counties-statewide-appendix-2026-09-28.csv (IRS Rev. Proc. 2026-14 appendix, Rural)",carded,no
13031,Bulloch,12,"coverage/rural-oz-priority-counties-statewide-appendix-2026-09-28.csv (IRS Rev. Proc. 2026-14 appendix, Rural)",carded,yes
13033,Burke,3,"coverage/rural-oz-priority-counties-statewide-appendix-2026-09-28.csv (IRS Rev. Proc. 2026-14 appendix, Rural)",carded,no
13035,Butts,2,"coverage/rural-oz-priority-counties-statewide-appendix-2026-09-28.csv (IRS Rev. Proc. 2026-14 appendix, Rural)",carded,yes
13037,Calhoun,1,"coverage/rural-oz-priority-counties-statewide-appendix-2026-09-28.csv (IRS Rev. Proc. 2026-14 appendix, Rural)",carded,no
13039,Camden,2,"coverage/rural-oz-priority-counties-statewide-appendix-2026-09-28.csv (IRS Rev. Proc. 2026-14 appendix, Rural)",carded,no
13043,Candler,2,"coverage/rural-oz-priority-counties-statewide-appendix-2026-09-28.csv (IRS Rev. Proc. 2026-14 appendix, Rural)",carded,no
13045,Carroll,11,"coverage/rural-oz-priority-counties-statewide-appendix-2026-09-28.csv (IRS Rev. Proc. 2026-14 appendix, Rural)",live,yes
13049,Charlton,1,"coverage/rural-oz-priority-counties-statewide-appendix-2026-09-28.csv (IRS Rev. Proc. 2026-14 appendix, Rural)",carded,no
13053,Chattahoochee,1,"coverage/rural-oz-priority-counties-statewide-appendix-2026-09-28.csv (IRS Rev. Proc. 2026-14 appendix, Rural)",carded,no
13055,Chattooga,7,"coverage/rural-oz-priority-counties-statewide-appendix-2026-09-28.csv (IRS Rev. Proc. 2026-14 appendix, Rural)",carded,no
13061,Clay,1,"coverage/rural-oz-priority-counties-statewide-appendix-2026-09-28.csv (IRS Rev. Proc. 2026-14 appendix, Rural)",carded,no
13065,Clinch,2,"coverage/rural-oz-priority-counties-statewide-appendix-2026-09-28.csv (IRS Rev. Proc. 2026-14 appendix, Rural)",carded,no
13069,Coffee,9,"coverage/rural-oz-priority-counties-statewide-appendix-2026-09-28.csv (IRS Rev. Proc. 2026-14 appendix, Rural)",carded,no
13071,Colquitt,10,"coverage/rural-oz-priority-counties-statewide-appendix-2026-09-28.csv (IRS Rev. Proc. 2026-14 appendix, Rural)",carded,no
13075,Cook,3,"coverage/rural-oz-priority-counties-statewide-appendix-2026-09-28.csv (IRS Rev. Proc. 2026-14 appendix, Rural)",carded,no
13079,Crawford,1,"coverage/rural-oz-priority-counties-statewide-appendix-2026-09-28.csv (IRS Rev. Proc. 2026-14 appendix, Rural)",carded,no
13081,Crisp,4,"coverage/rural-oz-priority-counties-statewide-appendix-2026-09-28.csv (IRS Rev. Proc. 2026-14 appendix, Rural)",carded,no
13083,Dade,1,"coverage/rural-oz-priority-counties-statewide-appendix-2026-09-28.csv (IRS Rev. Proc. 2026-14 appendix, Rural)",carded,yes
13087,Decatur,5,"coverage/rural-oz-priority-counties-statewide-appendix-2026-09-28.csv (IRS Rev. Proc. 2026-14 appendix, Rural)",carded,no
13091,Dodge,5,"coverage/rural-oz-priority-counties-statewide-appendix-2026-09-28.csv (IRS Rev. Proc. 2026-14 appendix, Rural)",carded,no
13093,Dooly,1,"coverage/rural-oz-priority-counties-statewide-appendix-2026-09-28.csv (IRS Rev. Proc. 2026-14 appendix, Rural)",carded,no
13099,Early,5,"coverage/rural-oz-priority-counties-statewide-appendix-2026-09-28.csv (IRS Rev. Proc. 2026-14 appendix, Rural)",carded,no
13101,Echols,1,"coverage/rural-oz-priority-counties-statewide-appendix-2026-09-28.csv (IRS Rev. Proc. 2026-14 appendix, Rural)",carded,no
13105,Elbert,1,"coverage/rural-oz-priority-counties-statewide-appendix-2026-09-28.csv (IRS Rev. Proc. 2026-14 appendix, Rural)",carded,no
13107,Emanuel,8,"coverage/rural-oz-priority-counties-statewide-appendix-2026-09-28.csv (IRS Rev. Proc. 2026-14 appendix, Rural)",carded,no
13109,Evans,2,"coverage/rural-oz-priority-counties-statewide-appendix-2026-09-28.csv (IRS Rev. Proc. 2026-14 appendix, Rural)",carded,no
13111,Fannin,2,"coverage/rural-oz-priority-counties-statewide-appendix-2026-09-28.csv (IRS Rev. Proc. 2026-14 appendix, Rural)",carded,no
13113,Fayette,1,"coverage/rural-oz-priority-counties-statewide-appendix-2026-09-28.csv (IRS Rev. Proc. 2026-14 appendix, Rural)",live,yes
13115,Floyd,9,"coverage/rural-oz-priority-counties-statewide-appendix-2026-09-28.csv (IRS Rev. Proc. 2026-14 appendix, Rural)",carded,no
13119,Franklin,5,"coverage/rural-oz-priority-counties-statewide-appendix-2026-09-28.csv (IRS Rev. Proc. 2026-14 appendix, Rural)",carded,no
13123,Gilmer,2,"coverage/rural-oz-priority-counties-statewide-appendix-2026-09-28.csv (IRS Rev. Proc. 2026-14 appendix, Rural)",carded,no
13127,Glynn,8,"coverage/rural-oz-priority-counties-statewide-appendix-2026-09-28.csv (IRS Rev. Proc. 2026-14 appendix, Rural)",carded,no
13129,Gordon,5,"coverage/rural-oz-priority-counties-statewide-appendix-2026-09-28.csv (IRS Rev. Proc. 2026-14 appendix, Rural)",carded,yes
13131,Grady,4,"coverage/rural-oz-priority-counties-statewide-appendix-2026-09-28.csv (IRS Rev. Proc. 2026-14 appendix, Rural)",carded,no
13133,Greene,2,"coverage/rural-oz-priority-counties-statewide-appendix-2026-09-28.csv (IRS Rev. Proc. 2026-14 appendix, Rural)",carded,no
13137,Habersham,3,"coverage/rural-oz-priority-counties-statewide-appendix-2026-09-28.csv (IRS Rev. Proc. 2026-14 appendix, Rural)",carded,no
13139,Hall,10,"coverage/rural-oz-priority-counties-statewide-appendix-2026-09-28.csv (IRS Rev. Proc. 2026-14 appendix, Rural)",carded,yes
13141,Hancock,2,"coverage/rural-oz-priority-counties-statewide-appendix-2026-09-28.csv (IRS Rev. Proc. 2026-14 appendix, Rural)",carded,no
13143,Haralson,1,"coverage/rural-oz-priority-counties-statewide-appendix-2026-09-28.csv (IRS Rev. Proc. 2026-14 appendix, Rural)",carded,yes
13147,Hart,2,"coverage/rural-oz-priority-counties-statewide-appendix-2026-09-28.csv (IRS Rev. Proc. 2026-14 appendix, Rural)",carded,no
13149,Heard,2,"coverage/rural-oz-priority-counties-statewide-appendix-2026-09-28.csv (IRS Rev. Proc. 2026-14 appendix, Rural)",carded,yes
13151,Henry,2,"coverage/rural-oz-priority-counties-statewide-appendix-2026-09-28.csv (IRS Rev. Proc. 2026-14 appendix, Rural)",live,yes
13153,Houston,3,"coverage/rural-oz-priority-counties-statewide-appendix-2026-09-28.csv (IRS Rev. Proc. 2026-14 appendix, Rural)",carded,no
13155,Irwin,2,"coverage/rural-oz-priority-counties-statewide-appendix-2026-09-28.csv (IRS Rev. Proc. 2026-14 appendix, Rural)",carded,no
13157,Jackson,1,"coverage/rural-oz-priority-counties-statewide-appendix-2026-09-28.csv (IRS Rev. Proc. 2026-14 appendix, Rural)",carded,yes
13159,Jasper,3,"coverage/rural-oz-priority-counties-statewide-appendix-2026-09-28.csv (IRS Rev. Proc. 2026-14 appendix, Rural)",carded,yes
13161,Jeff Davis,3,"coverage/rural-oz-priority-counties-statewide-appendix-2026-09-28.csv (IRS Rev. Proc. 2026-14 appendix, Rural)",carded,no
13163,Jefferson,4,"coverage/rural-oz-priority-counties-statewide-appendix-2026-09-28.csv (IRS Rev. Proc. 2026-14 appendix, Rural)",carded,no
13165,Jenkins,2,"coverage/rural-oz-priority-counties-statewide-appendix-2026-09-28.csv (IRS Rev. Proc. 2026-14 appendix, Rural)",carded,no
13167,Johnson,3,"coverage/rural-oz-priority-counties-statewide-appendix-2026-09-28.csv (IRS Rev. Proc. 2026-14 appendix, Rural)",carded,no
13169,Jones,1,"coverage/rural-oz-priority-counties-statewide-appendix-2026-09-28.csv (IRS Rev. Proc. 2026-14 appendix, Rural)",carded,no
13173,Lanier,2,"coverage/rural-oz-priority-counties-statewide-appendix-2026-09-28.csv (IRS Rev. Proc. 2026-14 appendix, Rural)",carded,no
13175,Laurens,7,"coverage/rural-oz-priority-counties-statewide-appendix-2026-09-28.csv (IRS Rev. Proc. 2026-14 appendix, Rural)",carded,no
13179,Liberty,3,"coverage/rural-oz-priority-counties-statewide-appendix-2026-09-28.csv (IRS Rev. Proc. 2026-14 appendix, Rural)",carded,yes
13181,Lincoln,1,"coverage/rural-oz-priority-counties-statewide-appendix-2026-09-28.csv (IRS Rev. Proc. 2026-14 appendix, Rural)",carded,no
13183,Long,2,"coverage/rural-oz-priority-counties-statewide-appendix-2026-09-28.csv (IRS Rev. Proc. 2026-14 appendix, Rural)",carded,no
13185,Lowndes,1,"coverage/rural-oz-priority-counties-statewide-appendix-2026-09-28.csv (IRS Rev. Proc. 2026-14 appendix, Rural)",live,no
13187,Lumpkin,2,"coverage/rural-oz-priority-counties-statewide-appendix-2026-09-28.csv (IRS Rev. Proc. 2026-14 appendix, Rural)",carded,yes
13189,McDuffie,3,"coverage/rural-oz-priority-counties-statewide-appendix-2026-09-28.csv (IRS Rev. Proc. 2026-14 appendix, Rural)",carded,no
13191,McIntosh,4,"coverage/rural-oz-priority-counties-statewide-appendix-2026-09-28.csv (IRS Rev. Proc. 2026-14 appendix, Rural)",carded,no
13193,Macon,4,"coverage/rural-oz-priority-counties-statewide-appendix-2026-09-28.csv (IRS Rev. Proc. 2026-14 appendix, Rural)",carded,no
13195,Madison,1,"coverage/rural-oz-priority-counties-statewide-appendix-2026-09-28.csv (IRS Rev. Proc. 2026-14 appendix, Rural)",carded,no
13197,Marion,1,"coverage/rural-oz-priority-counties-statewide-appendix-2026-09-28.csv (IRS Rev. Proc. 2026-14 appendix, Rural)",carded,no
13199,Meriwether,6,"coverage/rural-oz-priority-counties-statewide-appendix-2026-09-28.csv (IRS Rev. Proc. 2026-14 appendix, Rural)",carded,yes
13201,Miller,2,"coverage/rural-oz-priority-counties-statewide-appendix-2026-09-28.csv (IRS Rev. Proc. 2026-14 appendix, Rural)",carded,no
13205,Mitchell,3,"coverage/rural-oz-priority-counties-statewide-appendix-2026-09-28.csv (IRS Rev. Proc. 2026-14 appendix, Rural)",carded,no
13207,Monroe,2,"coverage/rural-oz-priority-counties-statewide-appendix-2026-09-28.csv (IRS Rev. Proc. 2026-14 appendix, Rural)",carded,yes
13209,Montgomery,2,"coverage/rural-oz-priority-counties-statewide-appendix-2026-09-28.csv (IRS Rev. Proc. 2026-14 appendix, Rural)",carded,no
13211,Morgan,1,"coverage/rural-oz-priority-counties-statewide-appendix-2026-09-28.csv (IRS Rev. Proc. 2026-14 appendix, Rural)",carded,yes
13213,Murray,3,"coverage/rural-oz-priority-counties-statewide-appendix-2026-09-28.csv (IRS Rev. Proc. 2026-14 appendix, Rural)",carded,no
13225,Peach,2,"coverage/rural-oz-priority-counties-statewide-appendix-2026-09-28.csv (IRS Rev. Proc. 2026-14 appendix, Rural)",carded,no
13227,Pickens,2,"coverage/rural-oz-priority-counties-statewide-appendix-2026-09-28.csv (IRS Rev. Proc. 2026-14 appendix, Rural)",carded,yes
13229,Pierce,3,"coverage/rural-oz-priority-counties-statewide-appendix-2026-09-28.csv (IRS Rev. Proc. 2026-14 appendix, Rural)",carded,no
13233,Polk,4,"coverage/rural-oz-priority-counties-statewide-appendix-2026-09-28.csv (IRS Rev. Proc. 2026-14 appendix, Rural)",carded,no
13235,Pulaski,2,"coverage/rural-oz-priority-counties-statewide-appendix-2026-09-28.csv (IRS Rev. Proc. 2026-14 appendix, Rural)",carded,no
13237,Putnam,4,"coverage/rural-oz-priority-counties-statewide-appendix-2026-09-28.csv (IRS Rev. Proc. 2026-14 appendix, Rural)",carded,no
13241,Rabun,1,"coverage/rural-oz-priority-counties-statewide-appendix-2026-09-28.csv (IRS Rev. Proc. 2026-14 appendix, Rural)",carded,no
13243,Randolph,2,"coverage/rural-oz-priority-counties-statewide-appendix-2026-09-28.csv (IRS Rev. Proc. 2026-14 appendix, Rural)",carded,no
13247,Rockdale,1,"coverage/rural-oz-priority-counties-statewide-appendix-2026-09-28.csv (IRS Rev. Proc. 2026-14 appendix, Rural)",live,yes
13251,Screven,3,"coverage/rural-oz-priority-counties-statewide-appendix-2026-09-28.csv (IRS Rev. Proc. 2026-14 appendix, Rural)",carded,yes
13253,Seminole,2,"coverage/rural-oz-priority-counties-statewide-appendix-2026-09-28.csv (IRS Rev. Proc. 2026-14 appendix, Rural)",carded,no
13255,Spalding,10,"coverage/rural-oz-priority-counties-statewide-appendix-2026-09-28.csv (IRS Rev. Proc. 2026-14 appendix, Rural)",live,yes
13257,Stephens,2,"coverage/rural-oz-priority-counties-statewide-appendix-2026-09-28.csv (IRS Rev. Proc. 2026-14 appendix, Rural)",carded,no
13259,Stewart,2,"coverage/rural-oz-priority-counties-statewide-appendix-2026-09-28.csv (IRS Rev. Proc. 2026-14 appendix, Rural)",carded,no
13261,Sumter,6,"coverage/rural-oz-priority-counties-statewide-appendix-2026-09-28.csv (IRS Rev. Proc. 2026-14 appendix, Rural)",carded,no
13263,Talbot,3,"coverage/rural-oz-priority-counties-statewide-appendix-2026-09-28.csv (IRS Rev. Proc. 2026-14 appendix, Rural)",carded,no
13265,Taliaferro,1,"coverage/rural-oz-priority-counties-statewide-appendix-2026-09-28.csv (IRS Rev. Proc. 2026-14 appendix, Rural)",carded,no
13267,Tattnall,4,"coverage/rural-oz-priority-counties-statewide-appendix-2026-09-28.csv (IRS Rev. Proc. 2026-14 appendix, Rural)",carded,no
13269,Taylor,4,"coverage/rural-oz-priority-counties-statewide-appendix-2026-09-28.csv (IRS Rev. Proc. 2026-14 appendix, Rural)",carded,no
13271,Telfair,5,"coverage/rural-oz-priority-counties-statewide-appendix-2026-09-28.csv (IRS Rev. Proc. 2026-14 appendix, Rural)",carded,no
13273,Terrell,2,"coverage/rural-oz-priority-counties-statewide-appendix-2026-09-28.csv (IRS Rev. Proc. 2026-14 appendix, Rural)",carded,no
13275,Thomas,5,"coverage/rural-oz-priority-counties-statewide-appendix-2026-09-28.csv (IRS Rev. Proc. 2026-14 appendix, Rural)",carded,no
13277,Tift,6,"coverage/rural-oz-priority-counties-statewide-appendix-2026-09-28.csv (IRS Rev. Proc. 2026-14 appendix, Rural)",carded,no
13279,Toombs,7,"coverage/rural-oz-priority-counties-statewide-appendix-2026-09-28.csv (IRS Rev. Proc. 2026-14 appendix, Rural)",carded,no
13281,Towns,1,"coverage/rural-oz-priority-counties-statewide-appendix-2026-09-28.csv (IRS Rev. Proc. 2026-14 appendix, Rural)",carded,no
13285,Troup,8,"coverage/rural-oz-priority-counties-statewide-appendix-2026-09-28.csv (IRS Rev. Proc. 2026-14 appendix, Rural)",carded,no
13287,Turner,2,"coverage/rural-oz-priority-counties-statewide-appendix-2026-09-28.csv (IRS Rev. Proc. 2026-14 appendix, Rural)",carded,no
13289,Twiggs,1,"coverage/rural-oz-priority-counties-statewide-appendix-2026-09-28.csv (IRS Rev. Proc. 2026-14 appendix, Rural)",carded,no
13293,Upson,3,"coverage/rural-oz-priority-counties-statewide-appendix-2026-09-28.csv (IRS Rev. Proc. 2026-14 appendix, Rural)",carded,no
13295,Walker,3,"coverage/rural-oz-priority-counties-statewide-appendix-2026-09-28.csv (IRS Rev. Proc. 2026-14 appendix, Rural)",carded,yes
13297,Walton,3,"coverage/rural-oz-priority-counties-statewide-appendix-2026-09-28.csv (IRS Rev. Proc. 2026-14 appendix, Rural)",live,yes
13299,Ware,6,"coverage/rural-oz-priority-counties-statewide-appendix-2026-09-28.csv (IRS Rev. Proc. 2026-14 appendix, Rural)",carded,no
13301,Warren,1,"coverage/rural-oz-priority-counties-statewide-appendix-2026-09-28.csv (IRS Rev. Proc. 2026-14 appendix, Rural)",carded,no
13303,Washington,2,"coverage/rural-oz-priority-counties-statewide-appendix-2026-09-28.csv (IRS Rev. Proc. 2026-14 appendix, Rural)",carded,no
13305,Wayne,4,"coverage/rural-oz-priority-counties-statewide-appendix-2026-09-28.csv (IRS Rev. Proc. 2026-14 appendix, Rural)",carded,no
13307,Webster,2,"coverage/rural-oz-priority-counties-statewide-appendix-2026-09-28.csv (IRS Rev. Proc. 2026-14 appendix, Rural)",carded,no
13309,Wheeler,2,"coverage/rural-oz-priority-counties-statewide-appendix-2026-09-28.csv (IRS Rev. Proc. 2026-14 appendix, Rural)",carded,no
13311,White,3,"coverage/rural-oz-priority-counties-statewide-appendix-2026-09-28.csv (IRS Rev. Proc. 2026-14 appendix, Rural)",carded,no
13313,Whitfield,8,"coverage/rural-oz-priority-counties-statewide-appendix-2026-09-28.csv (IRS Rev. Proc. 2026-14 appendix, Rural)",carded,yes
13315,Wilcox,4,"coverage/rural-oz-priority-counties-statewide-appendix-2026-09-28.csv (IRS Rev. Proc. 2026-14 appendix, Rural)",carded,no
13317,Wilkes,2,"coverage/rural-oz-priority-counties-statewide-appendix-2026-09-28.csv (IRS Rev. Proc. 2026-14 appendix, Rural)",carded,no
13319,Wilkinson,1,"coverage/rural-oz-priority-counties-statewide-appendix-2026-09-28.csv (IRS Rev. Proc. 2026-14 appendix, Rural)",gap,no
13321,Worth,5,"coverage/rural-oz-priority-counties-statewide-appendix-2026-09-28.csv (IRS Rev. Proc. 2026-14 appendix, Rural)",gap,no
