market,state,county,geoid,place_or_corridor,rural,status,lat,lon,notes
Atlanta,Georgia,Banks,13011970100,Banks County rural-eligible tract,Y,Eligible — not designated,34.4385065,-83.5096182,Rev. Proc. 2026-14 appendix Rural (entirely rural); county on outer/uncertain edge of ~90-min shed
Atlanta,Georgia,Barrow,13013180203,Barrow County rural-eligible tract,Y,Eligible — not designated,33.984387,-83.6972806,Rev. Proc. 2026-14 appendix Rural (entirely rural)
Atlanta,Georgia,Barrow,13013180206,Barrow County rural-eligible tract,Y,Eligible — not designated,34.020047,-83.7160751,Rev. Proc. 2026-14 appendix Rural (entirely rural)
Atlanta,Georgia,Barrow,13013180503,Barrow County rural-eligible tract,Y,Eligible — not designated,33.9261204,-83.7488667,Rev. Proc. 2026-14 appendix Rural (entirely rural)
Atlanta,Georgia,Bartow,13015960403,Bartow County rural-eligible tract,Y,Eligible — not designated,34.2116672,-84.7995675,Rev. Proc. 2026-14 appendix Rural (entirely rural)
Atlanta,Georgia,Bartow,13015960404,Bartow County rural-eligible tract,Y,Eligible — not designated,34.2243348,-84.8411065,Rev. Proc. 2026-14 appendix Rural (entirely rural)
Atlanta,Georgia,Bartow,13015960501,Bartow County rural-eligible tract,Y,Eligible — not designated,34.1973683,-84.8188035,Rev. Proc. 2026-14 appendix Rural (entirely rural)
Atlanta,Georgia,Bartow,13015960602,Bartow County rural-eligible tract,Y,Eligible — not designated,34.1686137,-84.8150195,Rev. Proc. 2026-14 appendix Rural (entirely rural)
Atlanta,Georgia,Butts,13035150201,Butts County rural-eligible tract,Y,Eligible — not designated,33.2732248,-83.9633779,Rev. Proc. 2026-14 appendix Rural (entirely rural)
Atlanta,Georgia,Butts,13035150202,Butts County rural-eligible tract,Y,Eligible — not designated,33.309949,-83.9523235,Rev. Proc. 2026-14 appendix Rural (entirely rural)
Atlanta,Georgia,Carroll,13045910101,Carroll County rural-eligible tract,Y,Eligible — not designated,33.7277543,-84.9202332,Rev. Proc. 2026-14 appendix Rural (entirely rural)
Atlanta,Georgia,Carroll,13045910106,Carroll County rural-eligible tract,Y,Eligible — not designated,33.7478401,-84.9614333,Rev. Proc. 2026-14 appendix Rural (entirely rural)
Atlanta,Georgia,Carroll,13045910502,Carroll County rural-eligible tract,Y,Eligible — not designated,33.5854378,-85.0894038,Rev. Proc. 2026-14 appendix Rural (entirely rural)
Atlanta,Georgia,Carroll,13045910503,Carroll County rural-eligible tract,Y,Eligible — not designated,33.5993771,-85.1158391,Rev. Proc. 2026-14 appendix Rural (entirely rural)
Atlanta,Georgia,Carroll,13045910504,Carroll County rural-eligible tract,Y,Eligible — not designated,33.5725335,-85.1249487,Rev. Proc. 2026-14 appendix Rural (entirely rural)
Atlanta,Georgia,Carroll,13045910600,Carroll County rural-eligible tract,Y,Eligible — not designated,33.6281783,-85.0670962,Rev. Proc. 2026-14 appendix Rural (entirely rural)
Atlanta,Georgia,Carroll,13045910705,Carroll County rural-eligible tract,Y,Eligible — not designated,33.5958641,-85.0133296,Rev. Proc. 2026-14 appendix Rural (entirely rural)
Atlanta,Georgia,Carroll,13045910708,Carroll County rural-eligible tract,Y,Eligible — not designated,33.6002134,-85.0464719,Rev. Proc. 2026-14 appendix Rural (entirely rural)
Atlanta,Georgia,Carroll,13045910709,Carroll County rural-eligible tract,Y,Eligible — not designated,33.632388,-85.016332,Rev. Proc. 2026-14 appendix Rural (entirely rural)
Atlanta,Georgia,Carroll,13045910800,Carroll County rural-eligible tract,Y,Eligible — not designated,33.5198017,-84.918098,Rev. Proc. 2026-14 appendix Rural (entirely rural)
Atlanta,Georgia,Carroll,13045911201,Carroll County rural-eligible tract,Y,Eligible — not designated,33.5304672,-85.2084496,Rev. Proc. 2026-14 appendix Rural (entirely rural)
Atlanta,Georgia,Fayette,13113140103,Fayette County rural-eligible tract,Y,Eligible — not designated,33.5161745,-84.5281585,Rev. Proc. 2026-14 appendix Rural (entirely rural)
Atlanta,Georgia,Gordon,13129970102,Gordon County rural-eligible tract,Y,Eligible — not designated,34.5514829,-84.7329374,Rev. Proc. 2026-14 appendix Rural (entirely rural); county on outer/uncertain edge of ~90-min shed
Atlanta,Georgia,Gordon,13129970201,Gordon County rural-eligible tract,Y,Eligible — not designated,34.6085368,-84.9326798,Rev. Proc. 2026-14 appendix Rural (entirely rural); county on outer/uncertain edge of ~90-min shed
Atlanta,Georgia,Gordon,13129970301,Gordon County rural-eligible tract,Y,Eligible — not designated,34.5178665,-85.0013283,Rev. Proc. 2026-14 appendix Rural (entirely rural); county on outer/uncertain edge of ~90-min shed
Atlanta,Georgia,Gordon,13129970500,Gordon County rural-eligible tract,Y,Eligible — not designated,34.4906126,-84.9329182,Rev. Proc. 2026-14 appendix Rural (entirely rural); county on outer/uncertain edge of ~90-min shed
Atlanta,Georgia,Gordon,13129970700,Gordon County rural-eligible tract,Y,Eligible — not designated,34.4143946,-85.0000522,Rev. Proc. 2026-14 appendix Rural (entirely rural); county on outer/uncertain edge of ~90-min shed
Atlanta,Georgia,Hall,13139000304,Hall County rural-eligible tract,Y,Eligible — not designated,34.3857263,-83.9609193,Rev. Proc. 2026-14 appendix Rural (entirely rural)
Atlanta,Georgia,Hall,13139000401,Hall County rural-eligible tract,Y,Eligible — not designated,34.3441593,-83.8609284,Rev. Proc. 2026-14 appendix Rural (entirely rural)
Atlanta,Georgia,Hall,13139000703,Hall County rural-eligible tract,Y,Eligible — not designated,34.2986721,-83.7807206,Rev. Proc. 2026-14 appendix Rural (entirely rural)
Atlanta,Georgia,Hall,13139000800,Hall County rural-eligible tract,Y,Eligible — not designated,34.2987837,-83.8079663,Rev. Proc. 2026-14 appendix Rural (entirely rural)
Atlanta,Georgia,Hall,13139001007,Hall County rural-eligible tract,Y,Eligible — not designated,34.2796682,-83.8594856,Rev. Proc. 2026-14 appendix Rural (entirely rural)
Atlanta,Georgia,Hall,13139001008,Hall County rural-eligible tract,Y,Eligible — not designated,34.2915162,-83.8477507,Rev. Proc. 2026-14 appendix Rural (entirely rural)
Atlanta,Georgia,Hall,13139001101,Hall County rural-eligible tract,Y,Eligible — not designated,34.2842334,-83.8350468,Rev. Proc. 2026-14 appendix Rural (entirely rural)
Atlanta,Georgia,Hall,13139001202,Hall County rural-eligible tract,Y,Eligible — not designated,34.2250365,-83.7513837,Rev. Proc. 2026-14 appendix Rural (entirely rural)
Atlanta,Georgia,Hall,13139001203,Hall County rural-eligible tract,Y,Eligible — not designated,34.2834905,-83.8181809,Rev. Proc. 2026-14 appendix Rural (entirely rural)
Atlanta,Georgia,Hall,13139001204,Hall County rural-eligible tract,Y,Eligible — not designated,34.2281553,-83.7972368,Rev. Proc. 2026-14 appendix Rural (entirely rural)
Atlanta,Georgia,Haralson,13143010100,Haralson County rural-eligible tract,Y,Eligible — not designated,33.8634666,-85.1299793,Rev. Proc. 2026-14 appendix Rural (entirely rural)
Atlanta,Georgia,Heard,13149970100,Heard County rural-eligible tract,Y,Eligible — not designated,33.2638065,-85.015873,Rev. Proc. 2026-14 appendix Rural (entirely rural); county on outer/uncertain edge of ~90-min shed
Atlanta,Georgia,Heard,13149970300,Heard County rural-eligible tract,Y,Eligible — not designated,33.2405489,-85.1742254,Rev. Proc. 2026-14 appendix Rural (entirely rural); county on outer/uncertain edge of ~90-min shed
Atlanta,Georgia,Henry,13151070406,Henry County rural-eligible tract,Y,Eligible — not designated,33.3481985,-84.067594,Rev. Proc. 2026-14 appendix Rural (entirely rural)
Atlanta,Georgia,Henry,13151070504,Henry County rural-eligible tract,Y,Eligible — not designated,33.3713033,-84.3272611,Rev. Proc. 2026-14 appendix Rural (entirely rural)
Atlanta,Georgia,Jackson,13157010400,Jackson County rural-eligible tract,Y,Eligible — not designated,34.1798396,-83.4290589,Rev. Proc. 2026-14 appendix Rural (entirely rural)
Atlanta,Georgia,Jasper,13159010100,Jasper County rural-eligible tract,Y,Eligible — not designated,33.4173006,-83.6219248,Rev. Proc. 2026-14 appendix Rural (entirely rural)
Atlanta,Georgia,Jasper,13159010501,Jasper County rural-eligible tract,Y,Eligible — not designated,33.3246698,-83.7970168,Rev. Proc. 2026-14 appendix Rural (entirely rural)
Atlanta,Georgia,Jasper,13159010502,Jasper County rural-eligible tract,Y,Eligible — not designated,33.3314369,-83.7253117,Rev. Proc. 2026-14 appendix Rural (entirely rural)
Atlanta,Georgia,Lumpkin,13187960105,Lumpkin County rural-eligible tract,Y,Eligible — not designated,34.5745758,-83.9134941,Rev. Proc. 2026-14 appendix Rural (entirely rural); county on outer/uncertain edge of ~90-min shed
Atlanta,Georgia,Lumpkin,13187960204,Lumpkin County rural-eligible tract,Y,Eligible — not designated,34.5432062,-83.985904,Rev. Proc. 2026-14 appendix Rural (entirely rural); county on outer/uncertain edge of ~90-min shed
Atlanta,Georgia,Meriwether,13199970501,Meriwether County rural-eligible tract,Y,Eligible — not designated,32.9182434,-84.6088966,Rev. Proc. 2026-14 appendix Rural (entirely rural); county on outer/uncertain edge of ~90-min shed
Atlanta,Georgia,Meriwether,13199970502,Meriwether County rural-eligible tract,Y,Eligible — not designated,32.8521917,-84.6206855,Rev. Proc. 2026-14 appendix Rural (entirely rural); county on outer/uncertain edge of ~90-min shed
Atlanta,Georgia,Meriwether,13199970600,Meriwether County rural-eligible tract,Y,Eligible — not designated,32.9129904,-84.750541,Rev. Proc. 2026-14 appendix Rural (entirely rural); county on outer/uncertain edge of ~90-min shed
Atlanta,Georgia,Meriwether,13199970701,Meriwether County rural-eligible tract,Y,Eligible — not designated,33.1459758,-84.7890625,Rev. Proc. 2026-14 appendix Rural (entirely rural); county on outer/uncertain edge of ~90-min shed
Atlanta,Georgia,Meriwether,13199970801,Meriwether County rural-eligible tract,Y,Eligible — not designated,33.0292666,-84.6670579,Rev. Proc. 2026-14 appendix Rural (entirely rural); county on outer/uncertain edge of ~90-min shed
Atlanta,Georgia,Meriwether,13199970802,Meriwether County rural-eligible tract,Y,Eligible — not designated,33.0129269,-84.775722,Rev. Proc. 2026-14 appendix Rural (entirely rural); county on outer/uncertain edge of ~90-min shed
Atlanta,Georgia,Monroe,13207050102,Monroe County rural-eligible tract,Y,Eligible — not designated,33.0928896,-83.8541616,Rev. Proc. 2026-14 appendix Rural (entirely rural)
Atlanta,Georgia,Monroe,13207050200,Monroe County rural-eligible tract,Y,Eligible — not designated,33.0454565,-83.9955217,Rev. Proc. 2026-14 appendix Rural (entirely rural)
Atlanta,Georgia,Morgan,13211010301,Morgan County rural-eligible tract,Y,Eligible — not designated,33.5986493,-83.4994157,Rev. Proc. 2026-14 appendix Rural (entirely rural)
Atlanta,Georgia,Pickens,13227050201,Pickens County rural-eligible tract,Y,Eligible — not designated,34.4779391,-84.4453642,Rev. Proc. 2026-14 appendix Rural (entirely rural)
Atlanta,Georgia,Pickens,13227050202,Pickens County rural-eligible tract,Y,Eligible — not designated,34.4777982,-84.4144964,Rev. Proc. 2026-14 appendix Rural (entirely rural)
Atlanta,Georgia,Rockdale,13247060101,Rockdale County rural-eligible tract,Y,Eligible — not designated,33.7325348,-84.011111,Rev. Proc. 2026-14 appendix Rural (entirely rural)
Atlanta,Georgia,Spalding,13255160101,Spalding County rural-eligible tract,Y,Eligible — not designated,33.3313967,-84.3395059,Rev. Proc. 2026-14 appendix Rural (entirely rural)
Atlanta,Georgia,Spalding,13255160102,Spalding County rural-eligible tract,Y,Eligible — not designated,33.331031,-84.2678573,Rev. Proc. 2026-14 appendix Rural (entirely rural)
Atlanta,Georgia,Spalding,13255160300,Spalding County rural-eligible tract,Y,Eligible — not designated,33.2924402,-84.2581257,Rev. Proc. 2026-14 appendix Rural (entirely rural)
Atlanta,Georgia,Spalding,13255160401,Spalding County rural-eligible tract,Y,Eligible — not designated,33.2860324,-84.2746408,Rev. Proc. 2026-14 appendix Rural (entirely rural)
Atlanta,Georgia,Spalding,13255160402,Spalding County rural-eligible tract,Y,Eligible — not designated,33.2681651,-84.2781386,Rev. Proc. 2026-14 appendix Rural (entirely rural)
Atlanta,Georgia,Spalding,13255160701,Spalding County rural-eligible tract,Y,Eligible — not designated,33.2376764,-84.2963936,Rev. Proc. 2026-14 appendix Rural (entirely rural)
Atlanta,Georgia,Spalding,13255160800,Spalding County rural-eligible tract,Y,Eligible — not designated,33.2529653,-84.2705334,Rev. Proc. 2026-14 appendix Rural (entirely rural)
Atlanta,Georgia,Spalding,13255160900,Spalding County rural-eligible tract,Y,Eligible — not designated,33.2488001,-84.2292968,Rev. Proc. 2026-14 appendix Rural (entirely rural)
Atlanta,Georgia,Spalding,13255161000,Spalding County rural-eligible tract,Y,Eligible — not designated,33.2199733,-84.1709959,Rev. Proc. 2026-14 appendix Rural (entirely rural)
Atlanta,Georgia,Spalding,13255161202,Spalding County rural-eligible tract,Y,Eligible — not designated,33.2228814,-84.264766,Rev. Proc. 2026-14 appendix Rural (entirely rural)
Atlanta,Georgia,Walton,13297110302,Walton County rural-eligible tract,Y,Eligible — not designated,33.7853453,-83.6763458,Rev. Proc. 2026-14 appendix Rural (entirely rural)
Atlanta,Georgia,Walton,13297110400,Walton County rural-eligible tract,Y,Eligible — not designated,33.8216658,-83.7373731,Rev. Proc. 2026-14 appendix Rural (entirely rural)
Atlanta,Georgia,Walton,13297110702,Walton County rural-eligible tract,Y,Eligible — not designated,33.7481197,-83.6860916,Rev. Proc. 2026-14 appendix Rural (entirely rural)
Tampa,Florida,Citrus,12017450105,Citrus County rural-eligible tract,Y,Eligible — not designated,28.9351962,-82.3729196,Rev. Proc. 2026-14 appendix Rural (entirely rural); county on outer/uncertain edge of ~90-min shed
Tampa,Florida,Citrus,12017450201,Citrus County rural-eligible tract,Y,Eligible — not designated,28.911728,-82.4626852,Rev. Proc. 2026-14 appendix Rural (entirely rural); county on outer/uncertain edge of ~90-min shed
Tampa,Florida,Citrus,12017450305,Citrus County rural-eligible tract,Y,Eligible — not designated,28.9386379,-82.6086636,Rev. Proc. 2026-14 appendix Rural (entirely rural); county on outer/uncertain edge of ~90-min shed
Tampa,Florida,Citrus,12017450306,Citrus County rural-eligible tract,Y,Eligible — not designated,28.8839807,-82.5203394,Rev. Proc. 2026-14 appendix Rural (entirely rural); county on outer/uncertain edge of ~90-min shed
Tampa,Florida,Citrus,12017450401,Citrus County rural-eligible tract,Y,Eligible — not designated,29.0192163,-82.5272993,Rev. Proc. 2026-14 appendix Rural (entirely rural); county on outer/uncertain edge of ~90-min shed
Tampa,Florida,Citrus,12017450800,Citrus County rural-eligible tract,Y,Eligible — not designated,28.9133663,-82.317685,Rev. Proc. 2026-14 appendix Rural (entirely rural); county on outer/uncertain edge of ~90-min shed
Tampa,Florida,Citrus,12017450901,Citrus County rural-eligible tract,Y,Eligible — not designated,28.8646896,-82.277671,Rev. Proc. 2026-14 appendix Rural (entirely rural); county on outer/uncertain edge of ~90-min shed
Tampa,Florida,Citrus,12017451200,Citrus County rural-eligible tract,Y,Eligible — not designated,28.764735,-82.2581917,Rev. Proc. 2026-14 appendix Rural (entirely rural); county on outer/uncertain edge of ~90-min shed
Tampa,Florida,Citrus,12017451605,Citrus County rural-eligible tract,Y,Eligible — not designated,28.766622,-82.5350571,Rev. Proc. 2026-14 appendix Rural (entirely rural); county on outer/uncertain edge of ~90-min shed
Tampa,Florida,Citrus,12017451702,Citrus County rural-eligible tract,Y,Eligible — not designated,28.7667084,-82.6600091,Rev. Proc. 2026-14 appendix Rural (entirely rural); county on outer/uncertain edge of ~90-min shed
Tampa,Florida,Hardee,12049970101,Hardee County rural-eligible tract,Y,Eligible — not designated,27.6121633,-81.6801256,Rev. Proc. 2026-14 appendix Rural (entirely rural); county on outer/uncertain edge of ~90-min shed
Tampa,Florida,Hardee,12049970102,Hardee County rural-eligible tract,Y,Eligible — not designated,27.4327929,-81.699984,Rev. Proc. 2026-14 appendix Rural (entirely rural); county on outer/uncertain edge of ~90-min shed
Tampa,Florida,Hardee,12049970201,Hardee County rural-eligible tract,Y,Eligible — not designated,27.6047539,-81.7890112,Rev. Proc. 2026-14 appendix Rural (entirely rural); county on outer/uncertain edge of ~90-min shed
Tampa,Florida,Hardee,12049970202,Hardee County rural-eligible tract,Y,Eligible — not designated,27.6376341,-81.9384448,Rev. Proc. 2026-14 appendix Rural (entirely rural); county on outer/uncertain edge of ~90-min shed
Tampa,Florida,Hardee,12049970301,Hardee County rural-eligible tract,Y,Eligible — not designated,27.5788434,-81.8133573,Rev. Proc. 2026-14 appendix Rural (entirely rural); county on outer/uncertain edge of ~90-min shed
Tampa,Florida,Hardee,12049970401,Hardee County rural-eligible tract,Y,Eligible — not designated,27.5359066,-81.8158862,Rev. Proc. 2026-14 appendix Rural (entirely rural); county on outer/uncertain edge of ~90-min shed
Tampa,Florida,Hardee,12049970402,Hardee County rural-eligible tract,Y,Eligible — not designated,27.4342821,-81.9357662,Rev. Proc. 2026-14 appendix Rural (entirely rural); county on outer/uncertain edge of ~90-min shed
Tampa,Florida,Hernando,12053040201,E Hernando / Brooksville–Spring Hill east (I-75),Y,Eligible — not designated,28.615086,-82.3027221,Rev. Proc. 2026-14 appendix Rural (entirely rural); prior shortlist: Very high land; I-75 N of Tampa job shed
Tampa,Florida,Hernando,12053040400,Hernando County rural-eligible tract,Y,Eligible — not designated,28.5551435,-82.3778211,Rev. Proc. 2026-14 appendix Rural (entirely rural)
Tampa,Florida,Hernando,12053040501,Hernando County rural-eligible tract,Y,Eligible — not designated,28.5424777,-82.4003373,Rev. Proc. 2026-14 appendix Rural (entirely rural)
Tampa,Florida,Hernando,12053040502,Hernando County rural-eligible tract,Y,Eligible — not designated,28.5720897,-82.4070776,Rev. Proc. 2026-14 appendix Rural (entirely rural)
Tampa,Florida,Hernando,12053040601,W-central Hernando / Brooksville,Y,Eligible — not designated,28.649206,-82.4094477,Rev. Proc. 2026-14 appendix Rural (entirely rural); prior shortlist: Very high land; thinner Class A MF comps
Tampa,Florida,Hernando,12053040801,Hernando County rural-eligible tract,Y,Eligible — not designated,28.5472517,-82.5209408,Rev. Proc. 2026-14 appendix Rural (entirely rural)
Tampa,Florida,Hernando,12053041003,Hernando County rural-eligible tract,Y,Eligible — not designated,28.5243379,-82.5276188,Rev. Proc. 2026-14 appendix Rural (entirely rural)
Tampa,Florida,Hernando,12053041204,Hernando County rural-eligible tract,Y,Eligible — not designated,28.4838938,-82.5935317,Rev. Proc. 2026-14 appendix Rural (entirely rural)
Tampa,Florida,Hernando,12053041302,Hernando County rural-eligible tract,Y,Eligible — not designated,28.4552183,-82.6011854,Rev. Proc. 2026-14 appendix Rural (entirely rural)
Tampa,Florida,Hernando,12053041401,Hernando County rural-eligible tract,Y,Eligible — not designated,28.4384936,-82.6240184,Rev. Proc. 2026-14 appendix Rural (entirely rural)
Tampa,Florida,Hernando,12053041402,Hernando County rural-eligible tract,Y,Eligible — not designated,28.441942,-82.5750604,Rev. Proc. 2026-14 appendix Rural (entirely rural)
Tampa,Florida,Hernando,12053041602,Hernando County rural-eligible tract,Y,Eligible — not designated,28.5428565,-82.6210875,Rev. Proc. 2026-14 appendix Rural (entirely rural)
Tampa,Florida,Hillsborough,12057980400,E Hillsborough special-use / Plant City fringe,Y,Eligible — not designated,28.10925,-82.2884248,Rev. Proc. 2026-14 appendix Rural (entirely rural); prior shortlist: CAUTION — GEOID 9804xx often airport/special land use; verify before pursuit; CAUTION: GEOID pattern often special-use/airport — verify land use
Tampa,Florida,Pasco,12101031207,NW Pasco / Hudson–Aripeka,Y,Eligible — not designated,28.3647559,-82.6063594,Rev. Proc. 2026-14 appendix Rural (entirely rural); prior shortlist: Medium — Gulf fringe; retiree/tourism demand mix
Tampa,Florida,Pasco,12101031809,W Pasco / Holiday–New Port Richey fringe,Y,Eligible — not designated,28.3699025,-82.5107481,Rev. Proc. 2026-14 appendix Rural (entirely rural); prior shortlist: High — coastal-adjacent rural; denser competition
Tampa,Florida,Pasco,12101032402,Pasco County rural-eligible tract,Y,Eligible — not designated,28.4073618,-82.1141167,Rev. Proc. 2026-14 appendix Rural (entirely rural)
Tampa,Florida,Pasco,12101032804,Central Pasco cluster,Y,Eligible — not designated,28.2605699,-82.1906684,Rev. Proc. 2026-14 appendix Rural (entirely rural); prior shortlist: Medium–High
Tampa,Florida,Pasco,12101033005,E-central Pasco / Zephyrhills west,Y,Eligible — not designated,28.2627908,-82.1652962,Rev. Proc. 2026-14 appendix Rural (entirely rural); prior shortlist: High
Tampa,Florida,Pasco,12101033006,Pasco County rural-eligible tract,Y,Eligible — not designated,28.2482715,-82.201949,Rev. Proc. 2026-14 appendix Rural (entirely rural)
Tampa,Florida,Pasco,12101033008,Pasco County rural-eligible tract,Y,Eligible — not designated,28.236956,-82.1985938,Rev. Proc. 2026-14 appendix Rural (entirely rural)
Tampa,Florida,Pasco,12101033009,Pasco County rural-eligible tract,Y,Eligible — not designated,28.2442051,-82.1801151,Rev. Proc. 2026-14 appendix Rural (entirely rural)
Tampa,Florida,Pasco,12101033010,Pasco County rural-eligible tract,Y,Eligible — not designated,28.2426421,-82.1669307,Rev. Proc. 2026-14 appendix Rural (entirely rural)
Tampa,Florida,Pasco,12101033011,Central Pasco / Wesley Chapel south pocket,Y,Eligible — not designated,28.2210191,-82.2047316,Rev. Proc. 2026-14 appendix Rural (entirely rural); prior shortlist: Medium–High — smaller tract; assembly harder
Tampa,Florida,Pasco,12101033012,Pasco County rural-eligible tract,Y,Eligible — not designated,28.2206393,-82.1877432,Rev. Proc. 2026-14 appendix Rural (entirely rural)
Tampa,Florida,Pasco,12101033013,Pasco County rural-eligible tract,Y,Eligible — not designated,28.2260826,-82.1781442,Rev. Proc. 2026-14 appendix Rural (entirely rural)
Tampa,Florida,Pasco,12101033014,Central Pasco / Land O' Lakes–Wesley Chapel fringe,Y,Eligible — not designated,28.1907565,-82.1821979,Rev. Proc. 2026-14 appendix Rural (entirely rural); prior shortlist: High — growth corridor; sewer/zoning pockets critical
Tampa,Florida,Pasco,12101033101,E Pasco / Dade City–Zephyrhills (US-301 / I-75 east),Y,Eligible — not designated,28.2671953,-82.1190276,Rev. Proc. 2026-14 appendix Rural (entirely rural); prior shortlist: Very high — large rural Pasco land inventory for 12–25 ac garden pads
Tampa,Florida,Polk,12105014104,NE Polk / Auburndale–Polk City (I-4),Y,Eligible — not designated,27.9955457,-81.4744062,Rev. Proc. 2026-14 appendix Rural (entirely rural); prior shortlist: High — shared Tampa–Orlando I-4 belt
Tampa,Florida,Polk,12105014127,N Polk / Haines City–Davenport fringe (I-4 / US-27),Y,Eligible — not designated,28.082933,-81.5027699,Rev. Proc. 2026-14 appendix Rural (entirely rural); prior shortlist: High
Tampa,Florida,Polk,12105014203,Polk County rural-eligible tract,Y,Eligible — not designated,27.9079185,-81.3832608,Rev. Proc. 2026-14 appendix Rural (entirely rural)
Tampa,Florida,Polk,12105014301,Polk County rural-eligible tract,Y,Eligible — not designated,27.9122926,-81.5959123,Rev. Proc. 2026-14 appendix Rural (entirely rural)
Tampa,Florida,Polk,12105014402,Central Polk / Bartow–Fort Meade (US-17 / SR 60),Y,Eligible — not designated,27.8852225,-81.6282063,Rev. Proc. 2026-14 appendix Rural (entirely rural); prior shortlist: High
Tampa,Florida,Polk,12105015000,Polk County rural-eligible tract,Y,Eligible — not designated,27.9068493,-81.8374912,Rev. Proc. 2026-14 appendix Rural (entirely rural)
Tampa,Florida,Polk,12105015200,Polk County rural-eligible tract,Y,Eligible — not designated,27.8827922,-81.8193579,Rev. Proc. 2026-14 appendix Rural (entirely rural)
Tampa,Florida,Polk,12105015405,Polk County rural-eligible tract,Y,Eligible — not designated,27.8028653,-81.6057106,Rev. Proc. 2026-14 appendix Rural (entirely rural)
Tampa,Florida,Polk,12105015500,Polk County rural-eligible tract,Y,Eligible — not designated,27.884759,-81.5787591,Rev. Proc. 2026-14 appendix Rural (entirely rural)
Tampa,Florida,Polk,12105015600,Polk County rural-eligible tract,Y,Eligible — not designated,27.8164916,-81.3833577,Rev. Proc. 2026-14 appendix Rural (entirely rural)
Tampa,Florida,Polk,12105015702,Polk County rural-eligible tract,Y,Eligible — not designated,27.7153514,-81.322789,Rev. Proc. 2026-14 appendix Rural (entirely rural)
Tampa,Florida,Polk,12105015801,Polk County rural-eligible tract,Y,Eligible — not designated,27.7157188,-81.553565,Rev. Proc. 2026-14 appendix Rural (entirely rural)
Tampa,Florida,Polk,12105015802,SE Polk / Frostproof–Lake Wales fringe,Y,Eligible — not designated,27.697419,-81.6272222,Rev. Proc. 2026-14 appendix Rural (entirely rural); prior shortlist: High land; Lakeland–Winter Haven edge
Tampa,Florida,Polk,12105016001,Polk County rural-eligible tract,Y,Eligible — not designated,27.7703102,-81.7915855,Rev. Proc. 2026-14 appendix Rural (entirely rural)
Tampa,Florida,Polk,12105016003,Polk County rural-eligible tract,Y,Eligible — not designated,27.6793689,-81.7712737,Rev. Proc. 2026-14 appendix Rural (entirely rural)
Tampa,Florida,Polk,12105016100,Polk County rural-eligible tract,Y,Eligible — not designated,27.7459063,-81.978291,Rev. Proc. 2026-14 appendix Rural (entirely rural)
Tampa,Florida,Sumter,12119910401,Sumter County rural-eligible tract,Y,Eligible — not designated,28.7842893,-82.1230721,Rev. Proc. 2026-14 appendix Rural (entirely rural)
Tampa,Florida,Sumter,12119910402,Sumter County rural-eligible tract,Y,Eligible — not designated,28.7372844,-82.1489991,Rev. Proc. 2026-14 appendix Rural (entirely rural)
Tampa,Florida,Sumter,12119910601,Sumter County rural-eligible tract,Y,Eligible — not designated,28.6167351,-82.1708105,Rev. Proc. 2026-14 appendix Rural (entirely rural)
Tampa,Florida,Sumter,12119910701,S Sumter / Bushnell (Villages adjacency),Y,Eligible — not designated,28.5862467,-82.1044734,Rev. Proc. 2026-14 appendix Rural (entirely rural); prior shortlist: High
Tampa,Florida,Sumter,12119911302,Sumter County rural-eligible tract,Y,Eligible — not designated,28.8593234,-82.0675492,Rev. Proc. 2026-14 appendix Rural (entirely rural)
Tampa,Florida,Sumter,12119911500,Sumter County rural-eligible tract,Y,Eligible — not designated,28.8815787,-82.1591315,Rev. Proc. 2026-14 appendix Rural (entirely rural)
Orlando,Florida,Brevard,12009060104,Brevard County rural-eligible tract,Y,Eligible — not designated,28.7595275,-80.88106,Rev. Proc. 2026-14 appendix Rural (entirely rural); county on outer/uncertain edge of ~90-min shed
Orlando,Florida,Brevard,12009060105,Brevard County rural-eligible tract,Y,Eligible — not designated,28.6913195,-80.8439989,Rev. Proc. 2026-14 appendix Rural (entirely rural); county on outer/uncertain edge of ~90-min shed
Orlando,Florida,Brevard,12009060400,Brevard County rural-eligible tract,Y,Eligible — not designated,28.6259987,-80.8217906,Rev. Proc. 2026-14 appendix Rural (entirely rural); county on outer/uncertain edge of ~90-min shed
Orlando,Florida,Brevard,12009060600,Brevard County rural-eligible tract,Y,Eligible — not designated,28.5958293,-80.8358974,Rev. Proc. 2026-14 appendix Rural (entirely rural); county on outer/uncertain edge of ~90-min shed
Orlando,Florida,Brevard,12009060700,Brevard County rural-eligible tract,Y,Eligible — not designated,28.6074077,-80.8143413,Rev. Proc. 2026-14 appendix Rural (entirely rural); county on outer/uncertain edge of ~90-min shed
Orlando,Florida,Brevard,12009065239,Brevard County rural-eligible tract,Y,Eligible — not designated,27.8650822,-80.4994904,Rev. Proc. 2026-14 appendix Rural (entirely rural); county on outer/uncertain edge of ~90-min shed
Orlando,Florida,Brevard,12009065240,Brevard County rural-eligible tract,Y,Eligible — not designated,27.886466,-80.505304,Rev. Proc. 2026-14 appendix Rural (entirely rural); county on outer/uncertain edge of ~90-min shed
Orlando,Florida,Brevard,12009071204,Brevard County rural-eligible tract,Y,Eligible — not designated,28.3926801,-80.849217,Rev. Proc. 2026-14 appendix Rural (entirely rural); county on outer/uncertain edge of ~90-min shed
Orlando,Florida,Brevard,12009071402,Brevard County rural-eligible tract,Y,Eligible — not designated,28.568257,-80.7978826,Rev. Proc. 2026-14 appendix Rural (entirely rural); county on outer/uncertain edge of ~90-min shed
Orlando,Florida,Lake,12069030112,N Lake / Umatilla–Eustis north (US-441),Y,Eligible — not designated,28.9827254,-81.4378459,Rev. Proc. 2026-14 appendix Rural (entirely rural); prior shortlist: High
Orlando,Florida,Lake,12069030206,N-central Lake / Eustis–Mount Dora fringe,Y,Eligible — not designated,28.8634421,-81.6754571,Rev. Proc. 2026-14 appendix Rural (entirely rural); prior shortlist: High
Orlando,Florida,Lake,12069030209,Lake County rural-eligible tract,Y,Eligible — not designated,28.8365403,-81.7059369,Rev. Proc. 2026-14 appendix Rural (entirely rural)
Orlando,Florida,Lake,12069030307,Lake County rural-eligible tract,Y,Eligible — not designated,28.8509541,-81.7743179,Rev. Proc. 2026-14 appendix Rural (entirely rural)
Orlando,Florida,Lake,12069030407,Lake County rural-eligible tract,Y,Eligible — not designated,28.9006893,-81.9348703,Rev. Proc. 2026-14 appendix Rural (entirely rural)
Orlando,Florida,Lake,12069030409,Lake County rural-eligible tract,Y,Eligible — not designated,28.94541,-81.9369025,Rev. Proc. 2026-14 appendix Rural (entirely rural)
Orlando,Florida,Lake,12069030505,Lake County rural-eligible tract,Y,Eligible — not designated,28.8324896,-81.9010788,Rev. Proc. 2026-14 appendix Rural (entirely rural)
Orlando,Florida,Lake,12069030507,W Lake / Clermont–Groveland west (SR 50 / US-27),Y,Eligible — not designated,28.7937636,-81.9162919,Rev. Proc. 2026-14 appendix Rural (entirely rural); prior shortlist: High — west Orlando bedroom
Orlando,Florida,Lake,12069030601,W Lake / Groveland–Mascotte,Y,Eligible — not designated,28.827213,-81.8809833,Rev. Proc. 2026-14 appendix Rural (entirely rural); prior shortlist: High
Orlando,Florida,Lake,12069030602,Lake County rural-eligible tract,Y,Eligible — not designated,28.8121321,-81.8758474,Rev. Proc. 2026-14 appendix Rural (entirely rural)
Orlando,Florida,Lake,12069030804,Lake County rural-eligible tract,Y,Eligible — not designated,28.8017151,-81.7201434,Rev. Proc. 2026-14 appendix Rural (entirely rural)
Orlando,Florida,Lake,12069030806,W-central Lake / Minneola–Clermont (US-27),Y,Eligible — not designated,28.8041219,-81.749725,Rev. Proc. 2026-14 appendix Rural (entirely rural); prior shortlist: High
Orlando,Florida,Lake,12069030915,Central Lake / Tavares–Leesburg fringe,Y,Eligible — not designated,28.807433,-81.6688845,Rev. Proc. 2026-14 appendix Rural (entirely rural); prior shortlist: High
Orlando,Florida,Lake,12069031317,S Lake / Clermont south fringe,Y,Eligible — not designated,28.3491638,-81.6658353,Rev. Proc. 2026-14 appendix Rural (entirely rural); prior shortlist: Medium–High — smaller tract near Clermont growth
Orlando,Florida,Marion,12083000201,Marion County rural-eligible tract,Y,Eligible — not designated,29.4015526,-82.1336608,Rev. Proc. 2026-14 appendix Rural (entirely rural); county on outer/uncertain edge of ~90-min shed
Orlando,Florida,Marion,12083000303,Marion County rural-eligible tract,Y,Eligible — not designated,29.3303758,-82.1175971,Rev. Proc. 2026-14 appendix Rural (entirely rural); county on outer/uncertain edge of ~90-min shed
Orlando,Florida,Marion,12083000401,Marion County rural-eligible tract,Y,Eligible — not designated,29.3413631,-81.9854912,Rev. Proc. 2026-14 appendix Rural (entirely rural); county on outer/uncertain edge of ~90-min shed
Orlando,Florida,Marion,12083000501,Marion County rural-eligible tract,Y,Eligible — not designated,29.4193174,-81.8330872,Rev. Proc. 2026-14 appendix Rural (entirely rural); county on outer/uncertain edge of ~90-min shed
Orlando,Florida,Marion,12083000502,Marion County rural-eligible tract,Y,Eligible — not designated,29.3160594,-81.7623823,Rev. Proc. 2026-14 appendix Rural (entirely rural); county on outer/uncertain edge of ~90-min shed
Orlando,Florida,Marion,12083000604,Marion County rural-eligible tract,Y,Eligible — not designated,29.0289032,-81.7333877,Rev. Proc. 2026-14 appendix Rural (entirely rural); county on outer/uncertain edge of ~90-min shed
Orlando,Florida,Marion,12083000607,Marion County rural-eligible tract,Y,Eligible — not designated,29.1728354,-81.9380053,Rev. Proc. 2026-14 appendix Rural (entirely rural); county on outer/uncertain edge of ~90-min shed
Orlando,Florida,Marion,12083000704,Marion County rural-eligible tract,Y,Eligible — not designated,29.02862,-81.887338,Rev. Proc. 2026-14 appendix Rural (entirely rural); county on outer/uncertain edge of ~90-min shed
Orlando,Florida,Marion,12083000803,Marion County rural-eligible tract,Y,Eligible — not designated,29.046082,-82.033213,Rev. Proc. 2026-14 appendix Rural (entirely rural); county on outer/uncertain edge of ~90-min shed
Orlando,Florida,Marion,12083001003,Marion County rural-eligible tract,Y,Eligible — not designated,28.978468,-82.276696,Rev. Proc. 2026-14 appendix Rural (entirely rural); county on outer/uncertain edge of ~90-min shed
Orlando,Florida,Marion,12083001102,Marion County rural-eligible tract,Y,Eligible — not designated,29.0401147,-82.0504737,Rev. Proc. 2026-14 appendix Rural (entirely rural); county on outer/uncertain edge of ~90-min shed
Orlando,Florida,Marion,12083002607,Marion County rural-eligible tract,Y,Eligible — not designated,29.1492282,-82.4022734,Rev. Proc. 2026-14 appendix Rural (entirely rural); county on outer/uncertain edge of ~90-min shed
Orlando,Florida,Marion,12083002706,Marion County rural-eligible tract,Y,Eligible — not designated,29.1857682,-82.4780617,Rev. Proc. 2026-14 appendix Rural (entirely rural); county on outer/uncertain edge of ~90-min shed
Orlando,Florida,Orange,12095016605,E Orange / Bithlo–Wedgefield (SR 50),Y,Eligible — not designated,28.5499813,-81.1238728,Rev. Proc. 2026-14 appendix Rural (entirely rural); prior shortlist: High — sole Orange rural-eligible; SR 50 corridor
Orlando,Florida,Osceola,12097041101,W Osceola / Kissimmee–Poinciana fringe (Turnpike / US-17-92),Y,Eligible — not designated,28.1772067,-81.4851348,Rev. Proc. 2026-14 appendix Rural (entirely rural); prior shortlist: High — South Orlando MF growth
Orlando,Florida,Osceola,12097041302,S Osceola / Holopaw–Yeehaw fringe (US-441 / Turnpike),Y,Eligible — not designated,28.103895,-81.4193726,Rev. Proc. 2026-14 appendix Rural (entirely rural); prior shortlist: Very high land
Orlando,Florida,Osceola,12097043802,SE Osceola ranch belt,Y,Eligible — not designated,27.9135588,-81.0731187,Rev. Proc. 2026-14 appendix Rural (entirely rural); prior shortlist: Very high land but deep rural; demand thinner unless yield/rural boost drives
Orlando,Florida,Polk,12105014104,NE Polk / Auburndale–Polk City (I-4),Y,Eligible — not designated,27.9955457,-81.4744062,Rev. Proc. 2026-14 appendix Rural (entirely rural); prior shortlist: High — shared Tampa–Orlando I-4 belt
Orlando,Florida,Polk,12105014127,N Polk / Haines City–Davenport fringe (I-4 / US-27),Y,Eligible — not designated,28.082933,-81.5027699,Rev. Proc. 2026-14 appendix Rural (entirely rural); prior shortlist: High
Orlando,Florida,Polk,12105014203,Polk County rural-eligible tract,Y,Eligible — not designated,27.9079185,-81.3832608,Rev. Proc. 2026-14 appendix Rural (entirely rural)
Orlando,Florida,Polk,12105014301,Polk County rural-eligible tract,Y,Eligible — not designated,27.9122926,-81.5959123,Rev. Proc. 2026-14 appendix Rural (entirely rural)
Orlando,Florida,Polk,12105014402,Central Polk / Bartow–Fort Meade (US-17 / SR 60),Y,Eligible — not designated,27.8852225,-81.6282063,Rev. Proc. 2026-14 appendix Rural (entirely rural); prior shortlist: High
Orlando,Florida,Polk,12105015000,Polk County rural-eligible tract,Y,Eligible — not designated,27.9068493,-81.8374912,Rev. Proc. 2026-14 appendix Rural (entirely rural)
Orlando,Florida,Polk,12105015200,Polk County rural-eligible tract,Y,Eligible — not designated,27.8827922,-81.8193579,Rev. Proc. 2026-14 appendix Rural (entirely rural)
Orlando,Florida,Polk,12105015405,Polk County rural-eligible tract,Y,Eligible — not designated,27.8028653,-81.6057106,Rev. Proc. 2026-14 appendix Rural (entirely rural)
Orlando,Florida,Polk,12105015500,Polk County rural-eligible tract,Y,Eligible — not designated,27.884759,-81.5787591,Rev. Proc. 2026-14 appendix Rural (entirely rural)
Orlando,Florida,Polk,12105015600,Polk County rural-eligible tract,Y,Eligible — not designated,27.8164916,-81.3833577,Rev. Proc. 2026-14 appendix Rural (entirely rural)
Orlando,Florida,Polk,12105015702,Polk County rural-eligible tract,Y,Eligible — not designated,27.7153514,-81.322789,Rev. Proc. 2026-14 appendix Rural (entirely rural)
Orlando,Florida,Polk,12105015801,Polk County rural-eligible tract,Y,Eligible — not designated,27.7157188,-81.553565,Rev. Proc. 2026-14 appendix Rural (entirely rural)
Orlando,Florida,Polk,12105015802,SE Polk / Frostproof–Lake Wales fringe,Y,Eligible — not designated,27.697419,-81.6272222,Rev. Proc. 2026-14 appendix Rural (entirely rural); prior shortlist: High land; Lakeland–Winter Haven edge
Orlando,Florida,Polk,12105016001,Polk County rural-eligible tract,Y,Eligible — not designated,27.7703102,-81.7915855,Rev. Proc. 2026-14 appendix Rural (entirely rural)
Orlando,Florida,Polk,12105016003,Polk County rural-eligible tract,Y,Eligible — not designated,27.6793689,-81.7712737,Rev. Proc. 2026-14 appendix Rural (entirely rural)
Orlando,Florida,Polk,12105016100,Polk County rural-eligible tract,Y,Eligible — not designated,27.7459063,-81.978291,Rev. Proc. 2026-14 appendix Rural (entirely rural)
Orlando,Florida,Sumter,12119910401,Sumter County rural-eligible tract,Y,Eligible — not designated,28.7842893,-82.1230721,Rev. Proc. 2026-14 appendix Rural (entirely rural)
Orlando,Florida,Sumter,12119910402,Sumter County rural-eligible tract,Y,Eligible — not designated,28.7372844,-82.1489991,Rev. Proc. 2026-14 appendix Rural (entirely rural)
Orlando,Florida,Sumter,12119910601,Sumter County rural-eligible tract,Y,Eligible — not designated,28.6167351,-82.1708105,Rev. Proc. 2026-14 appendix Rural (entirely rural)
Orlando,Florida,Sumter,12119910701,S Sumter / Bushnell (Villages adjacency),Y,Eligible — not designated,28.5862467,-82.1044734,Rev. Proc. 2026-14 appendix Rural (entirely rural); prior shortlist: High
Orlando,Florida,Sumter,12119911302,Sumter County rural-eligible tract,Y,Eligible — not designated,28.8593234,-82.0675492,Rev. Proc. 2026-14 appendix Rural (entirely rural)
Orlando,Florida,Sumter,12119911500,Sumter County rural-eligible tract,Y,Eligible — not designated,28.8815787,-82.1591315,Rev. Proc. 2026-14 appendix Rural (entirely rural)
Orlando,Florida,Volusia,12127082801,Volusia County rural-eligible tract,Y,Eligible — not designated,29.0715521,-80.9621761,Rev. Proc. 2026-14 appendix Rural (entirely rural)
Orlando,Florida,Volusia,12127083008,Volusia County rural-eligible tract,Y,Eligible — not designated,28.9886854,-80.9042271,Rev. Proc. 2026-14 appendix Rural (entirely rural)
Charleston,South Carolina,Berkeley,45015020101,N Berkeley / St. Stephen–Cross (I-26 N),Y,Eligible — not designated,33.3433018,-80.1701824,Rev. Proc. 2026-14 appendix Rural (entirely rural); prior shortlist: Very high land
Charleston,South Carolina,Berkeley,45015020201,NE Berkeley / Cordesville–Cainhoy fringe,Y,Eligible — not designated,33.3806007,-79.8905635,Rev. Proc. 2026-14 appendix Rural (entirely rural); prior shortlist: Very high; Cainhoy master-plan adjacency
Charleston,South Carolina,Berkeley,45015020202,Berkeley County rural-eligible tract,Y,Eligible — not designated,33.4272266,-80.0396688,Rev. Proc. 2026-14 appendix Rural (entirely rural)
Charleston,South Carolina,Berkeley,45015020303,E Berkeley / Huger–Wando fringe,Y,Eligible — not designated,33.3560254,-79.9640539,Rev. Proc. 2026-14 appendix Rural (entirely rural); prior shortlist: High — Cainhoy growth watch
Charleston,South Carolina,Berkeley,45015020401,Berkeley County rural-eligible tract,Y,Eligible — not designated,33.1852078,-79.7254891,Rev. Proc. 2026-14 appendix Rural (entirely rural)
Charleston,South Carolina,Berkeley,45015020504,Central Berkeley / Bonneau fringe,Y,Eligible — not designated,33.206078,-80.0069274,Rev. Proc. 2026-14 appendix Rural (entirely rural); prior shortlist: High
Charleston,South Carolina,Berkeley,45015020506,Central Berkeley / Moncks Corner east,Y,Eligible — not designated,33.1834737,-79.998713,Rev. Proc. 2026-14 appendix Rural (entirely rural); prior shortlist: High
Charleston,South Carolina,Berkeley,45015020712,Berkeley / Moncks Corner south–Goose Creek north (US-52 / I-26),Y,Eligible — not designated,33.097631,-80.097346,Rev. Proc. 2026-14 appendix Rural (entirely rural); prior shortlist: High — primary Berkeley growth corridor
Charleston,South Carolina,Berkeley,45015020725,Berkeley County rural-eligible tract,Y,Eligible — not designated,32.9689219,-79.9853268,Rev. Proc. 2026-14 appendix Rural (entirely rural)
Charleston,South Carolina,Charleston,45019002402,Far W Charleston / Edisto–Adams Run,Y,Eligible — not designated,32.774506,-80.3516406,Rev. Proc. 2026-14 appendix Rural (entirely rural); prior shortlist: High land; farther from peninsula jobs
Charleston,South Carolina,Charleston,45019002503,W Charleston / Ravenel–Hollywood (US-17),Y,Eligible — not designated,32.6960652,-80.2361945,Rev. Proc. 2026-14 appendix Rural (entirely rural); prior shortlist: High — West Ashley / Johns Island rural fringe
Charleston,South Carolina,Clarendon,45027960500,Clarendon County rural-eligible tract,Y,Eligible — not designated,33.7032431,-80.2749535,Rev. Proc. 2026-14 appendix Rural (entirely rural); county on outer/uncertain edge of ~90-min shed
Charleston,South Carolina,Clarendon,45027960600,Clarendon County rural-eligible tract,Y,Eligible — not designated,33.6405605,-80.0946747,Rev. Proc. 2026-14 appendix Rural (entirely rural); county on outer/uncertain edge of ~90-min shed
Charleston,South Carolina,Colleton,45029970100,Colleton County rural-eligible tract,Y,Eligible — not designated,33.0964204,-80.8101778,Rev. Proc. 2026-14 appendix Rural (entirely rural)
Charleston,South Carolina,Colleton,45029970301,Colleton County rural-eligible tract,Y,Eligible — not designated,32.8545562,-80.8041011,Rev. Proc. 2026-14 appendix Rural (entirely rural)
Charleston,South Carolina,Colleton,45029970401,Colleton County rural-eligible tract,Y,Eligible — not designated,33.0054202,-80.7171243,Rev. Proc. 2026-14 appendix Rural (entirely rural)
Charleston,South Carolina,Colleton,45029970501,Walterboro fringe,Y,Eligible — not designated,32.9019018,-80.6541359,Rev. Proc. 2026-14 appendix Rural (entirely rural); prior shortlist: Medium–High
Charleston,South Carolina,Colleton,45029970601,E Colleton / Walterboro east toward Charleston (US-17 / I-95),Y,Eligible — not designated,32.917015,-80.5917279,Rev. Proc. 2026-14 appendix Rural (entirely rural); prior shortlist: High — Walterboro job/shed fringe
Charleston,South Carolina,Dorchester,45035010100,Dorchester County rural-eligible tract,Y,Eligible — not designated,33.1480702,-80.6398107,Rev. Proc. 2026-14 appendix Rural (entirely rural)
Charleston,South Carolina,Dorchester,45035010200,N Dorchester / St. George–Harleyville,Y,Eligible — not designated,33.1882779,-80.5663258,Rev. Proc. 2026-14 appendix Rural (entirely rural); prior shortlist: Very high — farther inland
Charleston,South Carolina,Dorchester,45035010301,Central Dorchester / Ridgeville (I-26 / US-78),Y,Eligible — not designated,33.1251672,-80.4622962,Rev. Proc. 2026-14 appendix Rural (entirely rural); prior shortlist: Very high — inland I-26
Charleston,South Carolina,Dorchester,45035010302,N-central Dorchester,Y,Eligible — not designated,33.2378485,-80.4533106,Rev. Proc. 2026-14 appendix Rural (entirely rural); prior shortlist: Very high
Charleston,South Carolina,Georgetown,45043920202,Georgetown County rural-eligible tract,Y,Eligible — not designated,33.5087031,-79.4737419,Rev. Proc. 2026-14 appendix Rural (entirely rural); county on outer/uncertain edge of ~90-min shed
Charleston,South Carolina,Georgetown,45043920204,Georgetown County rural-eligible tract,Y,Eligible — not designated,33.4396679,-79.5775692,Rev. Proc. 2026-14 appendix Rural (entirely rural); county on outer/uncertain edge of ~90-min shed
Charleston,South Carolina,Georgetown,45043920301,Georgetown County rural-eligible tract,Y,Eligible — not designated,33.4732875,-79.3922874,Rev. Proc. 2026-14 appendix Rural (entirely rural); county on outer/uncertain edge of ~90-min shed
Charleston,South Carolina,Georgetown,45043920601,Georgetown County rural-eligible tract,Y,Eligible — not designated,33.3987687,-79.2981993,Rev. Proc. 2026-14 appendix Rural (entirely rural); county on outer/uncertain edge of ~90-min shed
Charleston,South Carolina,Georgetown,45043920602,Georgetown County rural-eligible tract,Y,Eligible — not designated,33.3886197,-79.3440565,Rev. Proc. 2026-14 appendix Rural (entirely rural); county on outer/uncertain edge of ~90-min shed
Charleston,South Carolina,Georgetown,45043920800,Georgetown County rural-eligible tract,Y,Eligible — not designated,33.2899077,-79.4344696,Rev. Proc. 2026-14 appendix Rural (entirely rural); county on outer/uncertain edge of ~90-min shed
Charleston,South Carolina,Orangeburg,45075010101,Orangeburg County rural-eligible tract,Y,Eligible — not designated,33.3583582,-80.2883688,Rev. Proc. 2026-14 appendix Rural (entirely rural); county on outer/uncertain edge of ~90-min shed
Charleston,South Carolina,Orangeburg,45075010102,Orangeburg County rural-eligible tract,Y,Eligible — not designated,33.3998403,-80.3723781,Rev. Proc. 2026-14 appendix Rural (entirely rural); county on outer/uncertain edge of ~90-min shed
Charleston,South Carolina,Orangeburg,45075010104,Orangeburg County rural-eligible tract,Y,Eligible — not designated,33.419879,-80.3618415,Rev. Proc. 2026-14 appendix Rural (entirely rural); county on outer/uncertain edge of ~90-min shed
Charleston,South Carolina,Orangeburg,45075010200,Orangeburg County rural-eligible tract,Y,Eligible — not designated,33.3204311,-80.3922399,Rev. Proc. 2026-14 appendix Rural (entirely rural); county on outer/uncertain edge of ~90-min shed
Charleston,South Carolina,Orangeburg,45075010302,Orangeburg County rural-eligible tract,Y,Eligible — not designated,33.4139472,-80.4264578,Rev. Proc. 2026-14 appendix Rural (entirely rural); county on outer/uncertain edge of ~90-min shed
Charleston,South Carolina,Orangeburg,45075010303,Orangeburg County rural-eligible tract,Y,Eligible — not designated,33.4494959,-80.4595828,Rev. Proc. 2026-14 appendix Rural (entirely rural); county on outer/uncertain edge of ~90-min shed
Charleston,South Carolina,Orangeburg,45075010400,Orangeburg County rural-eligible tract,Y,Eligible — not designated,33.4713405,-80.5743439,Rev. Proc. 2026-14 appendix Rural (entirely rural); county on outer/uncertain edge of ~90-min shed
Charleston,South Carolina,Orangeburg,45075010500,Orangeburg County rural-eligible tract,Y,Eligible — not designated,33.3425627,-80.6643583,Rev. Proc. 2026-14 appendix Rural (entirely rural); county on outer/uncertain edge of ~90-min shed
Charleston,South Carolina,Orangeburg,45075010602,Orangeburg County rural-eligible tract,Y,Eligible — not designated,33.440475,-80.8345279,Rev. Proc. 2026-14 appendix Rural (entirely rural); county on outer/uncertain edge of ~90-min shed
Charleston,South Carolina,Orangeburg,45075010604,Orangeburg County rural-eligible tract,Y,Eligible — not designated,33.4791346,-80.8407075,Rev. Proc. 2026-14 appendix Rural (entirely rural); county on outer/uncertain edge of ~90-min shed
Charleston,South Carolina,Orangeburg,45075010700,Orangeburg County rural-eligible tract,Y,Eligible — not designated,33.4951109,-80.7397468,Rev. Proc. 2026-14 appendix Rural (entirely rural); county on outer/uncertain edge of ~90-min shed
Charleston,South Carolina,Orangeburg,45075010801,Orangeburg County rural-eligible tract,Y,Eligible — not designated,33.5052762,-80.8390966,Rev. Proc. 2026-14 appendix Rural (entirely rural); county on outer/uncertain edge of ~90-min shed
Charleston,South Carolina,Orangeburg,45075011000,Orangeburg County rural-eligible tract,Y,Eligible — not designated,33.5254269,-80.8599676,Rev. Proc. 2026-14 appendix Rural (entirely rural); county on outer/uncertain edge of ~90-min shed
Charleston,South Carolina,Orangeburg,45075011100,Orangeburg County rural-eligible tract,Y,Eligible — not designated,33.5450483,-80.8457594,Rev. Proc. 2026-14 appendix Rural (entirely rural); county on outer/uncertain edge of ~90-min shed
Charleston,South Carolina,Orangeburg,45075011300,Orangeburg County rural-eligible tract,Y,Eligible — not designated,33.4824838,-80.8596607,Rev. Proc. 2026-14 appendix Rural (entirely rural); county on outer/uncertain edge of ~90-min shed
Charleston,South Carolina,Orangeburg,45075011400,Orangeburg County rural-eligible tract,Y,Eligible — not designated,33.5011659,-80.8687973,Rev. Proc. 2026-14 appendix Rural (entirely rural); county on outer/uncertain edge of ~90-min shed
Charleston,South Carolina,Orangeburg,45075011500,Orangeburg County rural-eligible tract,Y,Eligible — not designated,33.4846898,-80.9252551,Rev. Proc. 2026-14 appendix Rural (entirely rural); county on outer/uncertain edge of ~90-min shed
Charleston,South Carolina,Orangeburg,45075011600,Orangeburg County rural-eligible tract,Y,Eligible — not designated,33.4472376,-80.9231346,Rev. Proc. 2026-14 appendix Rural (entirely rural); county on outer/uncertain edge of ~90-min shed
Charleston,South Carolina,Orangeburg,45075011704,Orangeburg County rural-eligible tract,Y,Eligible — not designated,33.406175,-81.0072295,Rev. Proc. 2026-14 appendix Rural (entirely rural); county on outer/uncertain edge of ~90-min shed
Charleston,South Carolina,Orangeburg,45075011802,Orangeburg County rural-eligible tract,Y,Eligible — not designated,33.4561134,-81.1475896,Rev. Proc. 2026-14 appendix Rural (entirely rural); county on outer/uncertain edge of ~90-min shed
Charleston,South Carolina,Orangeburg,45075011803,Orangeburg County rural-eligible tract,Y,Eligible — not designated,33.4893168,-81.2422414,Rev. Proc. 2026-14 appendix Rural (entirely rural); county on outer/uncertain edge of ~90-min shed
Nashville,Tennessee,Bedford,47003950402,Bedford County rural-eligible tract,Y,Eligible — not designated,35.5177088,-86.4921709,Rev. Proc. 2026-14 appendix Rural (entirely rural); county on outer/uncertain edge of ~90-min shed
Nashville,Tennessee,Bedford,47003950600,Bedford County rural-eligible tract,Y,Eligible — not designated,35.4701602,-86.4139731,Rev. Proc. 2026-14 appendix Rural (entirely rural); county on outer/uncertain edge of ~90-min shed
Nashville,Tennessee,Cannon,47015960100,Cannon County rural-eligible tract,Y,Eligible — not designated,35.8882854,-86.0622501,Rev. Proc. 2026-14 appendix Rural (entirely rural); county on outer/uncertain edge of ~90-min shed
Nashville,Tennessee,Cannon,47015960201,Cannon County rural-eligible tract,Y,Eligible — not designated,35.8057439,-86.0688544,Rev. Proc. 2026-14 appendix Rural (entirely rural); county on outer/uncertain edge of ~90-min shed
Nashville,Tennessee,Cannon,47015960300,Cannon County rural-eligible tract,Y,Eligible — not designated,35.7136681,-86.0270912,Rev. Proc. 2026-14 appendix Rural (entirely rural); county on outer/uncertain edge of ~90-min shed
Nashville,Tennessee,Dickson,47043060502,Dickson / Dickson–Burns fringe (I-40 W),Y,Eligible — not designated,36.1192013,-87.4027176,Rev. Proc. 2026-14 appendix Rural (entirely rural); prior shortlist: High — W Nashville exurb
Nashville,Tennessee,Hickman,47081950100,Hickman County rural-eligible tract,Y,Eligible — not designated,35.8444574,-87.2751667,Rev. Proc. 2026-14 appendix Rural (entirely rural); county on outer/uncertain edge of ~90-min shed
Nashville,Tennessee,Hickman,47081950202,Hickman County rural-eligible tract,Y,Eligible — not designated,35.9441821,-87.2801757,Rev. Proc. 2026-14 appendix Rural (entirely rural); county on outer/uncertain edge of ~90-min shed
Nashville,Tennessee,Hickman,47081950400,Hickman County rural-eligible tract,Y,Eligible — not designated,35.7490326,-87.610981,Rev. Proc. 2026-14 appendix Rural (entirely rural); county on outer/uncertain edge of ~90-min shed
Nashville,Tennessee,Macon,47111970100,Macon County rural-eligible tract,Y,Eligible — not designated,36.5169507,-85.8721863,Rev. Proc. 2026-14 appendix Rural (entirely rural); county on outer/uncertain edge of ~90-min shed
Nashville,Tennessee,Macon,47111970301,Macon County rural-eligible tract,Y,Eligible — not designated,36.5336008,-86.0118647,Rev. Proc. 2026-14 appendix Rural (entirely rural); county on outer/uncertain edge of ~90-min shed
Nashville,Tennessee,Macon,47111970400,Macon County rural-eligible tract,Y,Eligible — not designated,36.5496703,-86.1719835,Rev. Proc. 2026-14 appendix Rural (entirely rural); county on outer/uncertain edge of ~90-min shed
Nashville,Tennessee,Marshall,47117955300,Marshall County rural-eligible tract,Y,Eligible — not designated,35.4603273,-86.8020416,Rev. Proc. 2026-14 appendix Rural (entirely rural)
Nashville,Tennessee,Maury,47119010500,Maury / Columbia north–Spring Hill south fringe,Y,Eligible — not designated,35.6020744,-86.9988387,Rev. Proc. 2026-14 appendix Rural (entirely rural); prior shortlist: High — GM/Saturn job shed
Nashville,Tennessee,Maury,47119010700,Maury / Columbia west fringe,Y,Eligible — not designated,35.6022286,-87.0495201,Rev. Proc. 2026-14 appendix Rural (entirely rural); prior shortlist: Medium–High
Nashville,Tennessee,Maury,47119011004,Maury / W Maury–Mount Pleasant,Y,Eligible — not designated,35.529796,-87.1554372,Rev. Proc. 2026-14 appendix Rural (entirely rural); prior shortlist: High land; farther from core
Nashville,Tennessee,Robertson,47147080301,Robertson / Springfield–Coopertown (US-41 / I-24),Y,Eligible — not designated,36.4933098,-86.9121357,Rev. Proc. 2026-14 appendix Rural (entirely rural); prior shortlist: High — N Nashville bedroom
Nashville,Tennessee,Robertson,47147080302,Robertson / W Springfield–Adams,Y,Eligible — not designated,36.5088546,-86.8917365,Rev. Proc. 2026-14 appendix Rural (entirely rural); prior shortlist: Medium–High
Nashville,Tennessee,Robertson,47147080401,Robertson / Springfield–Greenbrier fringe,Y,Eligible — not designated,36.5019396,-86.8622905,Rev. Proc. 2026-14 appendix Rural (entirely rural); prior shortlist: High
Nashville,Tennessee,Robertson,47147080402,Robertson / Springfield east–Cross Plains,Y,Eligible — not designated,36.4772413,-86.8734998,Rev. Proc. 2026-14 appendix Rural (entirely rural); prior shortlist: High
Nashville,Tennessee,Smith,47159975200,Smith County rural-eligible tract,Y,Eligible — not designated,36.2418582,-86.0375248,Rev. Proc. 2026-14 appendix Rural (entirely rural); county on outer/uncertain edge of ~90-min shed
Nashville,Tennessee,Sumner,47165020207,Sumner / Portland–N Sumner (I-65),Y,Eligible — not designated,36.5094991,-86.5164842,Rev. Proc. 2026-14 appendix Rural (entirely rural); prior shortlist: High — strong MF comps corridor
Nashville,Tennessee,Sumner,47165020300,Sumner / Portland–Westmoreland,Y,Eligible — not designated,36.5796194,-86.5114481,Rev. Proc. 2026-14 appendix Rural (entirely rural); prior shortlist: High
Nashville,Tennessee,Wilson,47189030402,Wilson / Lebanon–Tuckers Crossroads,Y,Eligible — not designated,36.1907997,-86.3036141,Rev. Proc. 2026-14 appendix Rural (entirely rural); prior shortlist: High
Nashville,Tennessee,Wilson,47189030500,Wilson / Lebanon east–Watertown fringe (I-40),Y,Eligible — not designated,36.2259424,-86.2993944,Rev. Proc. 2026-14 appendix Rural (entirely rural); prior shortlist: High — E Nashville
Nashville,Tennessee,Wilson,47189030700,Wilson / SE Wilson corridor,Y,Eligible — not designated,36.2062733,-86.265243,Rev. Proc. 2026-14 appendix Rural (entirely rural); prior shortlist: High
Charlotte,North Carolina,Anson,37007920100,Anson County rural-eligible tract,Y,Eligible — not designated,34.9873922,-79.9330024,Rev. Proc. 2026-14 appendix Rural (entirely rural); county on outer/uncertain edge of ~90-min shed
Charlotte,North Carolina,Anson,37007920400,Anson County rural-eligible tract,Y,Eligible — not designated,35.0150927,-80.0838809,Rev. Proc. 2026-14 appendix Rural (entirely rural); county on outer/uncertain edge of ~90-min shed
Charlotte,North Carolina,Anson,37007920501,Anson County rural-eligible tract,Y,Eligible — not designated,34.9395656,-80.1461397,Rev. Proc. 2026-14 appendix Rural (entirely rural); county on outer/uncertain edge of ~90-min shed
Charlotte,North Carolina,Anson,37007920600,Anson County rural-eligible tract,Y,Eligible — not designated,34.8573699,-80.1191723,Rev. Proc. 2026-14 appendix Rural (entirely rural); county on outer/uncertain edge of ~90-min shed
Charlotte,North Carolina,Cabarrus,37025041602,Cabarrus / Midland–Locust (US-601),Y,Eligible — not designated,35.3434973,-80.4619357,Rev. Proc. 2026-14 appendix Rural (entirely rural); prior shortlist: High — Concord/Kannapolis east rural
Charlotte,North Carolina,Catawba,37035010304,Catawba County rural-eligible tract,Y,Eligible — not designated,35.738694,-81.2767062,Rev. Proc. 2026-14 appendix Rural (entirely rural); county on outer/uncertain edge of ~90-min shed
Charlotte,North Carolina,Catawba,37035010402,Catawba County rural-eligible tract,Y,Eligible — not designated,35.7460033,-81.3237246,Rev. Proc. 2026-14 appendix Rural (entirely rural); county on outer/uncertain edge of ~90-min shed
Charlotte,North Carolina,Catawba,37035010900,Catawba County rural-eligible tract,Y,Eligible — not designated,35.7214302,-81.3325203,Rev. Proc. 2026-14 appendix Rural (entirely rural); county on outer/uncertain edge of ~90-min shed
Charlotte,North Carolina,Catawba,37035011000,Catawba County rural-eligible tract,Y,Eligible — not designated,35.7196933,-81.2931583,Rev. Proc. 2026-14 appendix Rural (entirely rural); county on outer/uncertain edge of ~90-min shed
Charlotte,North Carolina,Cleveland,37045950200,Cleveland County rural-eligible tract,Y,Eligible — not designated,35.4081477,-81.5292883,Rev. Proc. 2026-14 appendix Rural (entirely rural); county on outer/uncertain edge of ~90-min shed
Charlotte,North Carolina,Cleveland,37045950400,Cleveland / Kings Mountain east (I-85),Y,Eligible — not designated,35.2395219,-81.3663958,Rev. Proc. 2026-14 appendix Rural (entirely rural); county on outer/uncertain edge of ~90-min shed; prior shortlist: High — toward Gaston
Charlotte,North Carolina,Cleveland,37045950500,Cleveland County rural-eligible tract,Y,Eligible — not designated,35.2235948,-81.354016,Rev. Proc. 2026-14 appendix Rural (entirely rural); county on outer/uncertain edge of ~90-min shed
Charlotte,North Carolina,Cleveland,37045950604,Cleveland County rural-eligible tract,Y,Eligible — not designated,35.192722,-81.4673805,Rev. Proc. 2026-14 appendix Rural (entirely rural); county on outer/uncertain edge of ~90-min shed
Charlotte,North Carolina,Cleveland,37045950900,Cleveland County rural-eligible tract,Y,Eligible — not designated,35.308493,-81.5394772,Rev. Proc. 2026-14 appendix Rural (entirely rural); county on outer/uncertain edge of ~90-min shed
Charlotte,North Carolina,Cleveland,37045951100,Cleveland County rural-eligible tract,Y,Eligible — not designated,35.2921971,-81.553106,Rev. Proc. 2026-14 appendix Rural (entirely rural); county on outer/uncertain edge of ~90-min shed
Charlotte,North Carolina,Cleveland,37045951200,Cleveland County rural-eligible tract,Y,Eligible — not designated,35.2661212,-81.5589754,Rev. Proc. 2026-14 appendix Rural (entirely rural); county on outer/uncertain edge of ~90-min shed
Charlotte,North Carolina,Cleveland,37045951601,Cleveland County rural-eligible tract,Y,Eligible — not designated,35.2079344,-81.5691313,Rev. Proc. 2026-14 appendix Rural (entirely rural); county on outer/uncertain edge of ~90-min shed
Charlotte,North Carolina,Cleveland,37045951602,Cleveland County rural-eligible tract,Y,Eligible — not designated,35.2304996,-81.5041012,Rev. Proc. 2026-14 appendix Rural (entirely rural); county on outer/uncertain edge of ~90-min shed
Charlotte,North Carolina,Davidson,37057061903,Davidson County rural-eligible tract,Y,Eligible — not designated,35.7914698,-80.0930999,Rev. Proc. 2026-14 appendix Rural (entirely rural)
Charlotte,North Carolina,Gaston,37071030503,Gaston / Gastonia west rural,Y,Eligible — not designated,35.3225796,-81.3417749,Rev. Proc. 2026-14 appendix Rural (entirely rural); prior shortlist: High
Charlotte,North Carolina,Gaston,37071030602,Gaston County rural-eligible tract,Y,Eligible — not designated,35.3982755,-81.4198853,Rev. Proc. 2026-14 appendix Rural (entirely rural)
Charlotte,North Carolina,Gaston,37071031705,Gaston / Bessemer City–Kings Mountain fringe (I-85),Y,Eligible — not designated,35.1758288,-81.2750126,Rev. Proc. 2026-14 appendix Rural (entirely rural); prior shortlist: High
Charlotte,North Carolina,Gaston,37071033501,Gaston / Dallas–High Shoals,Y,Eligible — not designated,35.349078,-81.1246404,Rev. Proc. 2026-14 appendix Rural (entirely rural); prior shortlist: High
Charlotte,North Carolina,Iredell,37097060100,Iredell County rural-eligible tract,Y,Eligible — not designated,35.7902418,-80.871839,Rev. Proc. 2026-14 appendix Rural (entirely rural)
Charlotte,North Carolina,Iredell,37097060200,Iredell County rural-eligible tract,Y,Eligible — not designated,35.7628534,-80.8731599,Rev. Proc. 2026-14 appendix Rural (entirely rural)
Charlotte,North Carolina,Iredell,37097060300,Iredell County rural-eligible tract,Y,Eligible — not designated,35.7646694,-80.896941,Rev. Proc. 2026-14 appendix Rural (entirely rural)
Charlotte,North Carolina,Iredell,37097060400,Iredell County rural-eligible tract,Y,Eligible — not designated,35.7835005,-80.9222068,Rev. Proc. 2026-14 appendix Rural (entirely rural)
Charlotte,North Carolina,Iredell,37097060601,Iredell County rural-eligible tract,Y,Eligible — not designated,35.7949144,-80.8501803,Rev. Proc. 2026-14 appendix Rural (entirely rural)
Charlotte,North Carolina,Iredell,37097060701,Iredell / Mooresville south–Troutman (I-77 / Lake Norman),Y,Eligible — not designated,35.7626972,-80.7688678,Rev. Proc. 2026-14 appendix Rural (entirely rural); prior shortlist: High
Charlotte,North Carolina,Iredell,37097060802,Iredell County rural-eligible tract,Y,Eligible — not designated,35.9162928,-80.7747628,Rev. Proc. 2026-14 appendix Rural (entirely rural)
Charlotte,North Carolina,Iredell,37097061101,Iredell / Statesville west,Y,Eligible — not designated,35.8072573,-81.0512847,Rev. Proc. 2026-14 appendix Rural (entirely rural); prior shortlist: High
Charlotte,North Carolina,Iredell,37097061102,Iredell County rural-eligible tract,Y,Eligible — not designated,35.7884839,-81.0063969,Rev. Proc. 2026-14 appendix Rural (entirely rural)
Charlotte,North Carolina,Iredell,37097061103,Iredell / SW Iredell,Y,Eligible — not designated,35.7395156,-81.0226277,Rev. Proc. 2026-14 appendix Rural (entirely rural); prior shortlist: High
Charlotte,North Carolina,Lincoln,37109070100,Lincoln County rural-eligible tract,Y,Eligible — not designated,35.4685281,-81.2529925,Rev. Proc. 2026-14 appendix Rural (entirely rural)
Charlotte,North Carolina,Lincoln,37109070201,Lincoln County rural-eligible tract,Y,Eligible — not designated,35.4884909,-81.2268928,Rev. Proc. 2026-14 appendix Rural (entirely rural)
Charlotte,North Carolina,Lincoln,37109070800,Lincoln / Vale–Crouse (US-321),Y,Eligible — not designated,35.5236608,-81.2381198,Rev. Proc. 2026-14 appendix Rural (entirely rural); prior shortlist: High — Denver/Lincolnton fringe
Charlotte,North Carolina,Rowan,37159050901,Rowan / Salisbury east–Rockwell (I-85),Y,Eligible — not designated,35.6410039,-80.3298884,Rev. Proc. 2026-14 appendix Rural (entirely rural); prior shortlist: High
Charlotte,North Carolina,Rowan,37159051904,Rowan County rural-eligible tract,Y,Eligible — not designated,35.8064106,-80.6923794,Rev. Proc. 2026-14 appendix Rural (entirely rural)
Charlotte,North Carolina,Stanly,37167931002,Stanly County rural-eligible tract,Y,Eligible — not designated,35.3026406,-80.1593746,Rev. Proc. 2026-14 appendix Rural (entirely rural)
Charlotte,North Carolina,Stanly,37167931203,Stanly County rural-eligible tract,Y,Eligible — not designated,35.346916,-80.187144,Rev. Proc. 2026-14 appendix Rural (entirely rural)
Charlotte,North Carolina,Stanly,37167931204,Stanly County rural-eligible tract,Y,Eligible — not designated,35.3604346,-80.1904396,Rev. Proc. 2026-14 appendix Rural (entirely rural)
Charlotte,North Carolina,Union,37179020701,Union NC / Marshville–Wingate (US-74),Y,Eligible — not designated,35.0177952,-80.4516641,Rev. Proc. 2026-14 appendix Rural (entirely rural); prior shortlist: High — Monroe east
Charlotte,South Carolina,Chester,45023020100,Chester County rural-eligible tract,Y,Eligible — not designated,34.7076712,-81.1975897,Rev. Proc. 2026-14 appendix Rural (entirely rural); county on outer/uncertain edge of ~90-min shed
Charlotte,South Carolina,Chester,45023020300,Chester County rural-eligible tract,Y,Eligible — not designated,34.7207553,-81.2148403,Rev. Proc. 2026-14 appendix Rural (entirely rural); county on outer/uncertain edge of ~90-min shed
Charlotte,South Carolina,Chester,45023020400,Chester County rural-eligible tract,Y,Eligible — not designated,34.7811489,-81.2137558,Rev. Proc. 2026-14 appendix Rural (entirely rural); county on outer/uncertain edge of ~90-min shed
Charlotte,South Carolina,Chester,45023020500,Chester County rural-eligible tract,Y,Eligible — not designated,34.7361525,-81.3682284,Rev. Proc. 2026-14 appendix Rural (entirely rural); county on outer/uncertain edge of ~90-min shed
Charlotte,South Carolina,Chester,45023020601,Chester County rural-eligible tract,Y,Eligible — not designated,34.6196182,-81.2596425,Rev. Proc. 2026-14 appendix Rural (entirely rural); county on outer/uncertain edge of ~90-min shed
Charlotte,South Carolina,Chester,45023020602,Chester County rural-eligible tract,Y,Eligible — not designated,34.7136571,-81.1207617,Rev. Proc. 2026-14 appendix Rural (entirely rural); county on outer/uncertain edge of ~90-min shed
Charlotte,South Carolina,Chester,45023020700,Chester County rural-eligible tract,Y,Eligible — not designated,34.7364624,-81.0291076,Rev. Proc. 2026-14 appendix Rural (entirely rural); county on outer/uncertain edge of ~90-min shed
Charlotte,South Carolina,Chester,45023020800,Chester County rural-eligible tract,Y,Eligible — not designated,34.7553083,-80.9363719,Rev. Proc. 2026-14 appendix Rural (entirely rural); county on outer/uncertain edge of ~90-min shed
Charlotte,South Carolina,Chester,45023020900,Chester County rural-eligible tract,Y,Eligible — not designated,34.6182565,-81.003256,Rev. Proc. 2026-14 appendix Rural (entirely rural); county on outer/uncertain edge of ~90-min shed
Charlotte,South Carolina,Chester,45023021000,Chester County rural-eligible tract,Y,Eligible — not designated,34.5721311,-80.9053042,Rev. Proc. 2026-14 appendix Rural (entirely rural); county on outer/uncertain edge of ~90-min shed
Charlotte,South Carolina,Lancaster,45057010202,Lancaster County rural-eligible tract,Y,Eligible — not designated,34.5255765,-80.597562,Rev. Proc. 2026-14 appendix Rural (entirely rural)
Charlotte,South Carolina,Lancaster,45057010300,Lancaster County rural-eligible tract,Y,Eligible — not designated,34.5705217,-80.7384781,Rev. Proc. 2026-14 appendix Rural (entirely rural)
Charlotte,South Carolina,Lancaster,45057010500,Lancaster County rural-eligible tract,Y,Eligible — not designated,34.6924242,-80.8004274,Rev. Proc. 2026-14 appendix Rural (entirely rural)
Charlotte,South Carolina,Lancaster,45057010700,Lancaster County rural-eligible tract,Y,Eligible — not designated,34.7180813,-80.7600821,Rev. Proc. 2026-14 appendix Rural (entirely rural)
Charlotte,South Carolina,Lancaster,45057010800,Lancaster County rural-eligible tract,Y,Eligible — not designated,34.7162886,-80.7786495,Rev. Proc. 2026-14 appendix Rural (entirely rural)
Charlotte,South Carolina,Lancaster,45057011001,Lancaster SC / Indian Land south–Heath Springs (US-521),Y,Eligible — not designated,34.7034846,-80.674923,Rev. Proc. 2026-14 appendix Rural (entirely rural); prior shortlist: High — US-521 growth
Charlotte,South Carolina,York,45091061601,York SC / Clover west,Y,Eligible — not designated,34.991548,-81.262954,Rev. Proc. 2026-14 appendix Rural (entirely rural); prior shortlist: High
Charlotte,South Carolina,York,45091061602,York SC / Clover–Lake Wylie fringe,Y,Eligible — not designated,34.9928475,-81.2235178,Rev. Proc. 2026-14 appendix Rural (entirely rural); prior shortlist: High — Charlotte SW bedroom
Raleigh-Durham,North Carolina,Chatham,37037020107,Chatham / Pittsboro–Jordan Lake east,Y,Eligible — not designated,35.8490588,-79.1887939,Rev. Proc. 2026-14 appendix Rural (entirely rural); prior shortlist: High — Chapel Hill/Apex south
Raleigh-Durham,North Carolina,Chatham,37037020201,Chatham County rural-eligible tract,Y,Eligible — not designated,35.8018211,-79.4505658,Rev. Proc. 2026-14 appendix Rural (entirely rural)
Raleigh-Durham,North Carolina,Chatham,37037020300,Chatham County rural-eligible tract,Y,Eligible — not designated,35.6925992,-79.4750166,Rev. Proc. 2026-14 appendix Rural (entirely rural)
Raleigh-Durham,North Carolina,Chatham,37037020401,Chatham County rural-eligible tract,Y,Eligible — not designated,35.71226,-79.464917,Rev. Proc. 2026-14 appendix Rural (entirely rural)
Raleigh-Durham,North Carolina,Chatham,37037020402,Chatham County rural-eligible tract,Y,Eligible — not designated,35.7506809,-79.4658257,Rev. Proc. 2026-14 appendix Rural (entirely rural)
Raleigh-Durham,North Carolina,Franklin,37069060100,Franklin County rural-eligible tract,Y,Eligible — not designated,36.2051863,-78.261764,Rev. Proc. 2026-14 appendix Rural (entirely rural)
Raleigh-Durham,North Carolina,Franklin,37069060200,Franklin County rural-eligible tract,Y,Eligible — not designated,36.1481014,-78.1213975,Rev. Proc. 2026-14 appendix Rural (entirely rural)
Raleigh-Durham,North Carolina,Franklin,37069060301,Franklin County rural-eligible tract,Y,Eligible — not designated,36.1250524,-78.2667268,Rev. Proc. 2026-14 appendix Rural (entirely rural)
Raleigh-Durham,North Carolina,Franklin,37069060302,Franklin / Louisburg west,Y,Eligible — not designated,36.0702219,-78.3155603,Rev. Proc. 2026-14 appendix Rural (entirely rural); prior shortlist: High
Raleigh-Durham,North Carolina,Franklin,37069060401,Franklin / Youngsville–Franklinton (US-1),Y,Eligible — not designated,36.1354328,-78.4877746,Rev. Proc. 2026-14 appendix Rural (entirely rural); prior shortlist: High — N Raleigh exurb
Raleigh-Durham,North Carolina,Franklin,37069060403,Franklin County rural-eligible tract,Y,Eligible — not designated,36.1369493,-78.4143263,Rev. Proc. 2026-14 appendix Rural (entirely rural)
Raleigh-Durham,North Carolina,Franklin,37069060404,Franklin / Wake Forest north fringe,Y,Eligible — not designated,36.0966372,-78.3994665,Rev. Proc. 2026-14 appendix Rural (entirely rural); prior shortlist: High
Raleigh-Durham,North Carolina,Franklin,37069060701,Franklin County rural-eligible tract,Y,Eligible — not designated,36.0245335,-78.2033802,Rev. Proc. 2026-14 appendix Rural (entirely rural)
Raleigh-Durham,North Carolina,Franklin,37069060702,Franklin County rural-eligible tract,Y,Eligible — not designated,36.0335587,-78.1546114,Rev. Proc. 2026-14 appendix Rural (entirely rural)
Raleigh-Durham,North Carolina,Franklin,37069060801,Franklin / Louisburg south,Y,Eligible — not designated,35.9438697,-78.2542945,Rev. Proc. 2026-14 appendix Rural (entirely rural); prior shortlist: High
Raleigh-Durham,North Carolina,Franklin,37069060802,Franklin / Bunn–Zebulon north,Y,Eligible — not designated,35.8909038,-78.2724225,Rev. Proc. 2026-14 appendix Rural (entirely rural); prior shortlist: High
Raleigh-Durham,North Carolina,Granville,37077970200,Granville County rural-eligible tract,Y,Eligible — not designated,36.356077,-78.5807015,Rev. Proc. 2026-14 appendix Rural (entirely rural)
Raleigh-Durham,North Carolina,Granville,37077970300,Granville County rural-eligible tract,Y,Eligible — not designated,36.2803855,-78.6399477,Rev. Proc. 2026-14 appendix Rural (entirely rural)
Raleigh-Durham,North Carolina,Granville,37077970607,Granville / Creedmoor–Stem (I-85),Y,Eligible — not designated,36.1007064,-78.7210803,Rev. Proc. 2026-14 appendix Rural (entirely rural); prior shortlist: High — RDU north fringe
Raleigh-Durham,North Carolina,Granville,37077970701,Granville County rural-eligible tract,Y,Eligible — not designated,36.2292223,-78.7481981,Rev. Proc. 2026-14 appendix Rural (entirely rural)
Raleigh-Durham,North Carolina,Granville,37077970702,Granville County rural-eligible tract,Y,Eligible — not designated,36.1419414,-78.746937,Rev. Proc. 2026-14 appendix Rural (entirely rural)
Raleigh-Durham,North Carolina,Harnett,37085070100,Harnett County rural-eligible tract,Y,Eligible — not designated,35.2786325,-78.618099,Rev. Proc. 2026-14 appendix Rural (entirely rural)
Raleigh-Durham,North Carolina,Harnett,37085070200,Harnett County rural-eligible tract,Y,Eligible — not designated,35.3382477,-78.5643994,Rev. Proc. 2026-14 appendix Rural (entirely rural)
Raleigh-Durham,North Carolina,Harnett,37085070802,Harnett / Lillington–US-401 corridor,Y,Eligible — not designated,35.4052543,-78.7508208,Rev. Proc. 2026-14 appendix Rural (entirely rural); prior shortlist: High
Raleigh-Durham,North Carolina,Harnett,37085070901,Harnett / Angier–Fuquay fringe,Y,Eligible — not designated,35.5183703,-78.725586,Rev. Proc. 2026-14 appendix Rural (entirely rural); prior shortlist: High — S Wake spillover
Raleigh-Durham,North Carolina,Harnett,37085070902,Harnett / Angier–Lillington north,Y,Eligible — not designated,35.4885095,-78.69462,Rev. Proc. 2026-14 appendix Rural (entirely rural); prior shortlist: High
Raleigh-Durham,North Carolina,Harnett,37085071203,Harnett County rural-eligible tract,Y,Eligible — not designated,35.2317358,-78.9722256,Rev. Proc. 2026-14 appendix Rural (entirely rural)
Raleigh-Durham,North Carolina,Harnett,37085071204,Harnett County rural-eligible tract,Y,Eligible — not designated,35.2967721,-78.9390058,Rev. Proc. 2026-14 appendix Rural (entirely rural)
Raleigh-Durham,North Carolina,Harnett,37085071401,Harnett County rural-eligible tract,Y,Eligible — not designated,35.2997042,-79.1317615,Rev. Proc. 2026-14 appendix Rural (entirely rural)
Raleigh-Durham,North Carolina,Johnston,37101040101,Johnston County rural-eligible tract,Y,Eligible — not designated,35.5908521,-78.1325843,Rev. Proc. 2026-14 appendix Rural (entirely rural)
Raleigh-Durham,North Carolina,Johnston,37101040102,Johnston / Clayton–Archer Lodge fringe (I-40 / US-70),Y,Eligible — not designated,35.6114511,-78.1914084,Rev. Proc. 2026-14 appendix Rural (entirely rural); prior shortlist: High
Raleigh-Durham,North Carolina,Johnston,37101040103,Johnston County rural-eligible tract,Y,Eligible — not designated,35.5413351,-78.144732,Rev. Proc. 2026-14 appendix Rural (entirely rural)
Raleigh-Durham,North Carolina,Johnston,37101040301,Johnston County rural-eligible tract,Y,Eligible — not designated,35.5607778,-78.2486071,Rev. Proc. 2026-14 appendix Rural (entirely rural)
Raleigh-Durham,North Carolina,Johnston,37101040303,Johnston County rural-eligible tract,Y,Eligible — not designated,35.5465875,-78.290032,Rev. Proc. 2026-14 appendix Rural (entirely rural)
Raleigh-Durham,North Carolina,Johnston,37101040400,Johnston County rural-eligible tract,Y,Eligible — not designated,35.5141325,-78.2322379,Rev. Proc. 2026-14 appendix Rural (entirely rural)
Raleigh-Durham,North Carolina,Johnston,37101040600,Johnston / Princeton–Kenly (I-95 / US-70),Y,Eligible — not designated,35.4574321,-78.2964396,Rev. Proc. 2026-14 appendix Rural (entirely rural); prior shortlist: High
Raleigh-Durham,North Carolina,Johnston,37101040700,Johnston County rural-eligible tract,Y,Eligible — not designated,35.5255073,-78.3228684,Rev. Proc. 2026-14 appendix Rural (entirely rural)
Raleigh-Durham,North Carolina,Johnston,37101040800,Johnston County rural-eligible tract,Y,Eligible — not designated,35.4994835,-78.3609628,Rev. Proc. 2026-14 appendix Rural (entirely rural)
Raleigh-Durham,North Carolina,Johnston,37101041001,Johnston County rural-eligible tract,Y,Eligible — not designated,35.630875,-78.4191813,Rev. Proc. 2026-14 appendix Rural (entirely rural)
Raleigh-Durham,North Carolina,Johnston,37101041004,Johnston / Clayton east pocket,Y,Eligible — not designated,35.6612029,-78.4855833,Rev. Proc. 2026-14 appendix Rural (entirely rural); prior shortlist: Medium–High — smaller
Raleigh-Durham,North Carolina,Johnston,37101041104,Johnston County rural-eligible tract,Y,Eligible — not designated,35.5872805,-78.4675603,Rev. Proc. 2026-14 appendix Rural (entirely rural)
Raleigh-Durham,North Carolina,Johnston,37101041204,Johnston County rural-eligible tract,Y,Eligible — not designated,35.4314602,-78.3934336,Rev. Proc. 2026-14 appendix Rural (entirely rural)
Raleigh-Durham,North Carolina,Johnston,37101041205,Johnston County rural-eligible tract,Y,Eligible — not designated,35.4441287,-78.4426285,Rev. Proc. 2026-14 appendix Rural (entirely rural)
Raleigh-Durham,North Carolina,Johnston,37101041206,Johnston County rural-eligible tract,Y,Eligible — not designated,35.4921818,-78.4144478,Rev. Proc. 2026-14 appendix Rural (entirely rural)
Raleigh-Durham,North Carolina,Johnston,37101041302,Johnston County rural-eligible tract,Y,Eligible — not designated,35.3098465,-78.4447126,Rev. Proc. 2026-14 appendix Rural (entirely rural)
Raleigh-Durham,North Carolina,Johnston,37101041401,Johnston County rural-eligible tract,Y,Eligible — not designated,35.3931824,-78.5061516,Rev. Proc. 2026-14 appendix Rural (entirely rural)
Raleigh-Durham,North Carolina,Johnston,37101041402,Johnston County rural-eligible tract,Y,Eligible — not designated,35.3763425,-78.5476282,Rev. Proc. 2026-14 appendix Rural (entirely rural)
Raleigh-Durham,North Carolina,Johnston,37101041504,Johnston County rural-eligible tract,Y,Eligible — not designated,35.5300834,-78.5356489,Rev. Proc. 2026-14 appendix Rural (entirely rural)
Raleigh-Durham,North Carolina,Johnston,37101041510,Johnston County rural-eligible tract,Y,Eligible — not designated,35.4458095,-78.5710772,Rev. Proc. 2026-14 appendix Rural (entirely rural)
Raleigh-Durham,North Carolina,Johnston,37101041511,Johnston County rural-eligible tract,Y,Eligible — not designated,35.4875326,-78.6442289,Rev. Proc. 2026-14 appendix Rural (entirely rural)
Raleigh-Durham,North Carolina,Lee,37105030101,Lee County rural-eligible tract,Y,Eligible — not designated,35.4807747,-79.1922527,Rev. Proc. 2026-14 appendix Rural (entirely rural)
Raleigh-Durham,North Carolina,Lee,37105030200,Lee County rural-eligible tract,Y,Eligible — not designated,35.4870795,-79.1714991,Rev. Proc. 2026-14 appendix Rural (entirely rural)
Raleigh-Durham,North Carolina,Lee,37105030300,Lee County rural-eligible tract,Y,Eligible — not designated,35.4691018,-79.174001,Rev. Proc. 2026-14 appendix Rural (entirely rural)
Raleigh-Durham,North Carolina,Lee,37105030401,Lee County rural-eligible tract,Y,Eligible — not designated,35.4831283,-79.1331218,Rev. Proc. 2026-14 appendix Rural (entirely rural)
Raleigh-Durham,North Carolina,Lee,37105030402,Lee County rural-eligible tract,Y,Eligible — not designated,35.4446385,-79.1674901,Rev. Proc. 2026-14 appendix Rural (entirely rural)
Raleigh-Durham,North Carolina,Lee,37105030506,Lee County rural-eligible tract,Y,Eligible — not designated,35.4177001,-79.1284479,Rev. Proc. 2026-14 appendix Rural (entirely rural)
Raleigh-Durham,North Carolina,Nash,37127010900,Nash County rural-eligible tract,Y,Eligible — not designated,36.090927,-78.0048107,Rev. Proc. 2026-14 appendix Rural (entirely rural)
Raleigh-Durham,North Carolina,Person,37145920300,Person County rural-eligible tract,Y,Eligible — not designated,36.418956,-78.9704154,Rev. Proc. 2026-14 appendix Rural (entirely rural)
Raleigh-Durham,North Carolina,Person,37145920400,Person County rural-eligible tract,Y,Eligible — not designated,36.388933,-78.9806219,Rev. Proc. 2026-14 appendix Rural (entirely rural)
Raleigh-Durham,North Carolina,Person,37145920601,Person County rural-eligible tract,Y,Eligible — not designated,36.3319199,-79.0692512,Rev. Proc. 2026-14 appendix Rural (entirely rural)
Raleigh-Durham,North Carolina,Sampson,37163970101,Sampson County rural-eligible tract,Y,Eligible — not designated,34.9810873,-78.1894802,Rev. Proc. 2026-14 appendix Rural (entirely rural); county on outer/uncertain edge of ~90-min shed
Raleigh-Durham,North Carolina,Sampson,37163970102,Sampson County rural-eligible tract,Y,Eligible — not designated,35.1299915,-78.2582294,Rev. Proc. 2026-14 appendix Rural (entirely rural); county on outer/uncertain edge of ~90-min shed
Raleigh-Durham,North Carolina,Sampson,37163970202,Sampson County rural-eligible tract,Y,Eligible — not designated,35.180214,-78.4072039,Rev. Proc. 2026-14 appendix Rural (entirely rural); county on outer/uncertain edge of ~90-min shed
Raleigh-Durham,North Carolina,Sampson,37163970303,Sampson County rural-eligible tract,Y,Eligible — not designated,35.191795,-78.5924833,Rev. Proc. 2026-14 appendix Rural (entirely rural); county on outer/uncertain edge of ~90-min shed
Raleigh-Durham,North Carolina,Sampson,37163970402,Sampson County rural-eligible tract,Y,Eligible — not designated,34.9714765,-78.517642,Rev. Proc. 2026-14 appendix Rural (entirely rural); county on outer/uncertain edge of ~90-min shed
Raleigh-Durham,North Carolina,Sampson,37163970502,Sampson County rural-eligible tract,Y,Eligible — not designated,35.0336562,-78.4466198,Rev. Proc. 2026-14 appendix Rural (entirely rural); county on outer/uncertain edge of ~90-min shed
Raleigh-Durham,North Carolina,Sampson,37163970600,Sampson County rural-eligible tract,Y,Eligible — not designated,35.0427759,-78.3404582,Rev. Proc. 2026-14 appendix Rural (entirely rural); county on outer/uncertain edge of ~90-min shed
Raleigh-Durham,North Carolina,Sampson,37163970802,Sampson County rural-eligible tract,Y,Eligible — not designated,34.9234433,-78.317681,Rev. Proc. 2026-14 appendix Rural (entirely rural); county on outer/uncertain edge of ~90-min shed
Raleigh-Durham,North Carolina,Sampson,37163971003,Sampson County rural-eligible tract,Y,Eligible — not designated,34.6619166,-78.2522725,Rev. Proc. 2026-14 appendix Rural (entirely rural); county on outer/uncertain edge of ~90-min shed
Raleigh-Durham,North Carolina,Vance,37181960500,Vance County rural-eligible tract,Y,Eligible — not designated,36.3331012,-78.4123046,Rev. Proc. 2026-14 appendix Rural (entirely rural)
Raleigh-Durham,North Carolina,Vance,37181960600,Vance County rural-eligible tract,Y,Eligible — not designated,36.3439027,-78.3729411,Rev. Proc. 2026-14 appendix Rural (entirely rural)
Raleigh-Durham,North Carolina,Vance,37181960700,Vance County rural-eligible tract,Y,Eligible — not designated,36.3226964,-78.3943158,Rev. Proc. 2026-14 appendix Rural (entirely rural)
Raleigh-Durham,North Carolina,Vance,37181960800,Vance County rural-eligible tract,Y,Eligible — not designated,36.3000408,-78.4028631,Rev. Proc. 2026-14 appendix Rural (entirely rural)
Raleigh-Durham,North Carolina,Vance,37181960901,Vance County rural-eligible tract,Y,Eligible — not designated,36.2745633,-78.3398178,Rev. Proc. 2026-14 appendix Rural (entirely rural)
Raleigh-Durham,North Carolina,Vance,37181960902,Vance County rural-eligible tract,Y,Eligible — not designated,36.3376829,-78.3103897,Rev. Proc. 2026-14 appendix Rural (entirely rural)
Raleigh-Durham,North Carolina,Vance,37181960903,Vance County rural-eligible tract,Y,Eligible — not designated,36.3000766,-78.3332926,Rev. Proc. 2026-14 appendix Rural (entirely rural)
Raleigh-Durham,North Carolina,Wake,37183054303,Wake / Zebulon–Wendell east (US-64 / US-264),Y,Eligible — not designated,35.8884053,-78.3860355,Rev. Proc. 2026-14 appendix Rural (entirely rural); prior shortlist: High — rare Wake rural
Raleigh-Durham,North Carolina,Wake,37183054306,Wake / E Wake / Zebulon southeast,Y,Eligible — not designated,35.8132321,-78.2958987,Rev. Proc. 2026-14 appendix Rural (entirely rural); prior shortlist: High
Raleigh-Durham,North Carolina,Wake,37183054403,Wake / Wendell–Knightdale fringe,Y,Eligible — not designated,35.8370013,-78.411718,Rev. Proc. 2026-14 appendix Rural (entirely rural); prior shortlist: High
Raleigh-Durham,North Carolina,Warren,37185950103,Warren County rural-eligible tract,Y,Eligible — not designated,36.3475818,-78.0095871,Rev. Proc. 2026-14 appendix Rural (entirely rural); county on outer/uncertain edge of ~90-min shed
Raleigh-Durham,North Carolina,Warren,37185950201,Warren County rural-eligible tract,Y,Eligible — not designated,36.5064058,-78.1880145,Rev. Proc. 2026-14 appendix Rural (entirely rural); county on outer/uncertain edge of ~90-min shed
Raleigh-Durham,North Carolina,Warren,37185950202,Warren County rural-eligible tract,Y,Eligible — not designated,36.4652778,-78.2766497,Rev. Proc. 2026-14 appendix Rural (entirely rural); county on outer/uncertain edge of ~90-min shed
Raleigh-Durham,North Carolina,Warren,37185950300,Warren County rural-eligible tract,Y,Eligible — not designated,36.3887489,-78.1582291,Rev. Proc. 2026-14 appendix Rural (entirely rural); county on outer/uncertain edge of ~90-min shed
Raleigh-Durham,North Carolina,Warren,37185950400,Warren County rural-eligible tract,Y,Eligible — not designated,36.3028633,-78.1751765,Rev. Proc. 2026-14 appendix Rural (entirely rural); county on outer/uncertain edge of ~90-min shed
Raleigh-Durham,North Carolina,Wayne,37191000601,Wayne County rural-eligible tract,Y,Eligible — not designated,35.3041404,-78.0040677,Rev. Proc. 2026-14 appendix Rural (entirely rural); county on outer/uncertain edge of ~90-min shed
Raleigh-Durham,North Carolina,Wayne,37191000603,Wayne County rural-eligible tract,Y,Eligible — not designated,35.2533899,-77.9764561,Rev. Proc. 2026-14 appendix Rural (entirely rural); county on outer/uncertain edge of ~90-min shed
Raleigh-Durham,North Carolina,Wayne,37191000604,Wayne County rural-eligible tract,Y,Eligible — not designated,35.1995605,-77.8996297,Rev. Proc. 2026-14 appendix Rural (entirely rural); county on outer/uncertain edge of ~90-min shed
Raleigh-Durham,North Carolina,Wayne,37191000700,Wayne County rural-eligible tract,Y,Eligible — not designated,35.1988299,-78.0465722,Rev. Proc. 2026-14 appendix Rural (entirely rural); county on outer/uncertain edge of ~90-min shed
Raleigh-Durham,North Carolina,Wayne,37191001200,Wayne County rural-eligible tract,Y,Eligible — not designated,35.4082,-77.9731669,Rev. Proc. 2026-14 appendix Rural (entirely rural); county on outer/uncertain edge of ~90-min shed
Raleigh-Durham,North Carolina,Wayne,37191001401,Wayne County rural-eligible tract,Y,Eligible — not designated,35.372083,-77.9751852,Rev. Proc. 2026-14 appendix Rural (entirely rural); county on outer/uncertain edge of ~90-min shed
Raleigh-Durham,North Carolina,Wayne,37191001402,Wayne County rural-eligible tract,Y,Eligible — not designated,35.3618164,-77.9842492,Rev. Proc. 2026-14 appendix Rural (entirely rural); county on outer/uncertain edge of ~90-min shed
Raleigh-Durham,North Carolina,Wayne,37191001500,Wayne County rural-eligible tract,Y,Eligible — not designated,35.3537976,-77.9976206,Rev. Proc. 2026-14 appendix Rural (entirely rural); county on outer/uncertain edge of ~90-min shed
Raleigh-Durham,North Carolina,Wayne,37191001800,Wayne County rural-eligible tract,Y,Eligible — not designated,35.3937953,-78.0001921,Rev. Proc. 2026-14 appendix Rural (entirely rural); county on outer/uncertain edge of ~90-min shed
Raleigh-Durham,North Carolina,Wayne,37191001900,Wayne County rural-eligible tract,Y,Eligible — not designated,35.3882321,-77.9677355,Rev. Proc. 2026-14 appendix Rural (entirely rural); county on outer/uncertain edge of ~90-min shed
Raleigh-Durham,North Carolina,Wayne,37191002000,Wayne County rural-eligible tract,Y,Eligible — not designated,35.3708504,-78.0145898,Rev. Proc. 2026-14 appendix Rural (entirely rural); county on outer/uncertain edge of ~90-min shed
Raleigh-Durham,North Carolina,Wilson,37195000100,Wilson County rural-eligible tract,Y,Eligible — not designated,35.7306215,-77.9148705,Rev. Proc. 2026-14 appendix Rural (entirely rural); county on outer/uncertain edge of ~90-min shed
Raleigh-Durham,North Carolina,Wilson,37195000200,Wilson County rural-eligible tract,Y,Eligible — not designated,35.718926,-77.9161819,Rev. Proc. 2026-14 appendix Rural (entirely rural); county on outer/uncertain edge of ~90-min shed
Raleigh-Durham,North Carolina,Wilson,37195000300,Wilson County rural-eligible tract,Y,Eligible — not designated,35.7138425,-77.925797,Rev. Proc. 2026-14 appendix Rural (entirely rural); county on outer/uncertain edge of ~90-min shed
Raleigh-Durham,North Carolina,Wilson,37195000401,Wilson County rural-eligible tract,Y,Eligible — not designated,35.7237476,-77.9385517,Rev. Proc. 2026-14 appendix Rural (entirely rural); county on outer/uncertain edge of ~90-min shed
Raleigh-Durham,North Carolina,Wilson,37195000402,Wilson County rural-eligible tract,Y,Eligible — not designated,35.7129897,-77.9549306,Rev. Proc. 2026-14 appendix Rural (entirely rural); county on outer/uncertain edge of ~90-min shed
Raleigh-Durham,North Carolina,Wilson,37195000601,Wilson County rural-eligible tract,Y,Eligible — not designated,35.7457106,-77.9165413,Rev. Proc. 2026-14 appendix Rural (entirely rural); county on outer/uncertain edge of ~90-min shed
Raleigh-Durham,North Carolina,Wilson,37195000701,Wilson County rural-eligible tract,Y,Eligible — not designated,35.720872,-77.8666343,Rev. Proc. 2026-14 appendix Rural (entirely rural); county on outer/uncertain edge of ~90-min shed
Raleigh-Durham,North Carolina,Wilson,37195000702,Wilson County rural-eligible tract,Y,Eligible — not designated,35.7498577,-77.8859344,Rev. Proc. 2026-14 appendix Rural (entirely rural); county on outer/uncertain edge of ~90-min shed
Raleigh-Durham,North Carolina,Wilson,37195000801,Wilson County rural-eligible tract,Y,Eligible — not designated,35.713508,-77.9068295,Rev. Proc. 2026-14 appendix Rural (entirely rural); county on outer/uncertain edge of ~90-min shed
Raleigh-Durham,North Carolina,Wilson,37195000802,Wilson County rural-eligible tract,Y,Eligible — not designated,35.6792683,-77.8912968,Rev. Proc. 2026-14 appendix Rural (entirely rural); county on outer/uncertain edge of ~90-min shed
Raleigh-Durham,North Carolina,Wilson,37195000900,Wilson County rural-eligible tract,Y,Eligible — not designated,35.6356934,-77.9324802,Rev. Proc. 2026-14 appendix Rural (entirely rural); county on outer/uncertain edge of ~90-min shed
Raleigh-Durham,North Carolina,Wilson,37195001301,Wilson County rural-eligible tract,Y,Eligible — not designated,35.8082579,-77.8839379,Rev. Proc. 2026-14 appendix Rural (entirely rural); county on outer/uncertain edge of ~90-min shed
Raleigh-Durham,North Carolina,Wilson,37195001402,Wilson County rural-eligible tract,Y,Eligible — not designated,35.763359,-77.9813383,Rev. Proc. 2026-14 appendix Rural (entirely rural); county on outer/uncertain edge of ~90-min shed
