geoid,county,type,source,as_of,filing_announced
45001950500,Abbeville,Rural,SC Commerce Final Recommendations PDF dated 2026-09-22; Governor filing announced 2026-09-23,2026-09-23,2026-09-23
45003020100,Aiken,Rural,SC Commerce Final Recommendations PDF dated 2026-09-22; Governor filing announced 2026-09-23,2026-09-23,2026-09-23
45003020402,Aiken,Rural,SC Commerce Final Recommendations PDF dated 2026-09-22; Governor filing announced 2026-09-23,2026-09-23,2026-09-23
45003021001,Aiken,Rural,SC Commerce Final Recommendations PDF dated 2026-09-22; Governor filing announced 2026-09-23,2026-09-23,2026-09-23
45003021101,Aiken,Rural,SC Commerce Final Recommendations PDF dated 2026-09-22; Governor filing announced 2026-09-23,2026-09-23,2026-09-23
45005970500,Allendale,Rural,SC Commerce Final Recommendations PDF dated 2026-09-22; Governor filing announced 2026-09-23,2026-09-23,2026-09-23
45007000701,Anderson,Rural,SC Commerce Final Recommendations PDF dated 2026-09-22; Governor filing announced 2026-09-23,2026-09-23,2026-09-23
45007000800,Anderson,Rural,SC Commerce Final Recommendations PDF dated 2026-09-22; Governor filing announced 2026-09-23,2026-09-23,2026-09-23
45007012300,Anderson,Rural,SC Commerce Final Recommendations PDF dated 2026-09-22; Governor filing announced 2026-09-23,2026-09-23,2026-09-23
45009960201,Bamberg,Rural,SC Commerce Final Recommendations PDF dated 2026-09-22; Governor filing announced 2026-09-23,2026-09-23,2026-09-23
45009960202,Bamberg,Rural,SC Commerce Final Recommendations PDF dated 2026-09-22; Governor filing announced 2026-09-23,2026-09-23,2026-09-23
45011970300,Barnwell,Rural,SC Commerce Final Recommendations PDF dated 2026-09-22; Governor filing announced 2026-09-23,2026-09-23,2026-09-23
45011970500,Barnwell,Rural,SC Commerce Final Recommendations PDF dated 2026-09-22; Governor filing announced 2026-09-23,2026-09-23,2026-09-23
45013000100,Beaufort,Rural,SC Commerce Final Recommendations PDF dated 2026-09-22; Governor filing announced 2026-09-23,2026-09-23,2026-09-23
45013000200,Beaufort,Rural,SC Commerce Final Recommendations PDF dated 2026-09-22; Governor filing announced 2026-09-23,2026-09-23,2026-09-23
45015020201,Berkeley,Rural,SC Commerce Final Recommendations PDF dated 2026-09-22; Governor filing announced 2026-09-23,2026-09-23,2026-09-23
45015020506,Berkeley,Rural,SC Commerce Final Recommendations PDF dated 2026-09-22; Governor filing announced 2026-09-23,2026-09-23,2026-09-23
45015020712,Berkeley,Rural,SC Commerce Final Recommendations PDF dated 2026-09-22; Governor filing announced 2026-09-23,2026-09-23,2026-09-23
45019000700,Charleston,Non-rural,SC Commerce Final Recommendations PDF dated 2026-09-22; Governor filing announced 2026-09-23,2026-09-23,2026-09-23
45019003105,Charleston,Non-rural,SC Commerce Final Recommendations PDF dated 2026-09-22; Governor filing announced 2026-09-23,2026-09-23,2026-09-23
45019004400,Charleston,Non-rural,SC Commerce Final Recommendations PDF dated 2026-09-22; Governor filing announced 2026-09-23,2026-09-23,2026-09-23
45019005300,Charleston,Non-rural,SC Commerce Final Recommendations PDF dated 2026-09-22; Governor filing announced 2026-09-23,2026-09-23,2026-09-23
45019005400,Charleston,Non-rural,SC Commerce Final Recommendations PDF dated 2026-09-22; Governor filing announced 2026-09-23,2026-09-23,2026-09-23
45019005500,Charleston,Non-rural,SC Commerce Final Recommendations PDF dated 2026-09-22; Governor filing announced 2026-09-23,2026-09-23,2026-09-23
45021970201,Cherokee,Rural,SC Commerce Final Recommendations PDF dated 2026-09-22; Governor filing announced 2026-09-23,2026-09-23,2026-09-23
45021970401,Cherokee,Rural,SC Commerce Final Recommendations PDF dated 2026-09-22; Governor filing announced 2026-09-23,2026-09-23,2026-09-23
45023020300,Chester,Rural,SC Commerce Final Recommendations PDF dated 2026-09-22; Governor filing announced 2026-09-23,2026-09-23,2026-09-23
45023020602,Chester,Rural,SC Commerce Final Recommendations PDF dated 2026-09-22; Governor filing announced 2026-09-23,2026-09-23,2026-09-23
45023021000,Chester,Rural,SC Commerce Final Recommendations PDF dated 2026-09-22; Governor filing announced 2026-09-23,2026-09-23,2026-09-23
45025950102,Chesterfield,Rural,SC Commerce Final Recommendations PDF dated 2026-09-22; Governor filing announced 2026-09-23,2026-09-23,2026-09-23
45025950401,Chesterfield,Rural,SC Commerce Final Recommendations PDF dated 2026-09-22; Governor filing announced 2026-09-23,2026-09-23,2026-09-23
45025950402,Chesterfield,Rural,SC Commerce Final Recommendations PDF dated 2026-09-22; Governor filing announced 2026-09-23,2026-09-23,2026-09-23
45027960500,Clarendon,Rural,SC Commerce Final Recommendations PDF dated 2026-09-22; Governor filing announced 2026-09-23,2026-09-23,2026-09-23
45029970301,Colleton,Rural,SC Commerce Final Recommendations PDF dated 2026-09-22; Governor filing announced 2026-09-23,2026-09-23,2026-09-23
45029970401,Colleton,Rural,SC Commerce Final Recommendations PDF dated 2026-09-22; Governor filing announced 2026-09-23,2026-09-23,2026-09-23
45031010600,Darlington,Rural,SC Commerce Final Recommendations PDF dated 2026-09-22; Governor filing announced 2026-09-23,2026-09-23,2026-09-23
45031011100,Darlington,Rural,SC Commerce Final Recommendations PDF dated 2026-09-22; Governor filing announced 2026-09-23,2026-09-23,2026-09-23
45031011400,Darlington,Rural,SC Commerce Final Recommendations PDF dated 2026-09-22; Governor filing announced 2026-09-23,2026-09-23,2026-09-23
45033970302,Dillon,Rural,SC Commerce Final Recommendations PDF dated 2026-09-22; Governor filing announced 2026-09-23,2026-09-23,2026-09-23
45033970601,Dillon,Rural,SC Commerce Final Recommendations PDF dated 2026-09-22; Governor filing announced 2026-09-23,2026-09-23,2026-09-23
45035010200,Dorchester,Rural,SC Commerce Final Recommendations PDF dated 2026-09-22; Governor filing announced 2026-09-23,2026-09-23,2026-09-23
45035010813,Dorchester,Non-rural,SC Commerce Final Recommendations PDF dated 2026-09-22; Governor filing announced 2026-09-23,2026-09-23,2026-09-23
45037970204,Edgefield,Rural,SC Commerce Final Recommendations PDF dated 2026-09-22; Governor filing announced 2026-09-23,2026-09-23,2026-09-23
45039960401,Fairfield,Rural,SC Commerce Final Recommendations PDF dated 2026-09-22; Governor filing announced 2026-09-23,2026-09-23,2026-09-23
45041000400,Florence,Rural,SC Commerce Final Recommendations PDF dated 2026-09-22; Governor filing announced 2026-09-23,2026-09-23,2026-09-23
45041000700,Florence,Rural,SC Commerce Final Recommendations PDF dated 2026-09-22; Governor filing announced 2026-09-23,2026-09-23,2026-09-23
45041002600,Florence,Rural,SC Commerce Final Recommendations PDF dated 2026-09-22; Governor filing announced 2026-09-23,2026-09-23,2026-09-23
45043920601,Georgetown,Rural,SC Commerce Final Recommendations PDF dated 2026-09-22; Governor filing announced 2026-09-23,2026-09-23,2026-09-23
45043920602,Georgetown,Rural,SC Commerce Final Recommendations PDF dated 2026-09-22; Governor filing announced 2026-09-23,2026-09-23,2026-09-23
45045000900,Greenville,Non-rural,SC Commerce Final Recommendations PDF dated 2026-09-22; Governor filing announced 2026-09-23,2026-09-23,2026-09-23
45045002505,Greenville,Non-rural,SC Commerce Final Recommendations PDF dated 2026-09-22; Governor filing announced 2026-09-23,2026-09-23,2026-09-23
45045003401,Greenville,Non-rural,SC Commerce Final Recommendations PDF dated 2026-09-22; Governor filing announced 2026-09-23,2026-09-23,2026-09-23
45045003602,Greenville,Non-rural,SC Commerce Final Recommendations PDF dated 2026-09-22; Governor filing announced 2026-09-23,2026-09-23,2026-09-23
45045003906,Greenville,Non-rural,SC Commerce Final Recommendations PDF dated 2026-09-22; Governor filing announced 2026-09-23,2026-09-23,2026-09-23
45045004400,Greenville,Non-rural,SC Commerce Final Recommendations PDF dated 2026-09-22; Governor filing announced 2026-09-23,2026-09-23,2026-09-23
45047970102,Greenwood,Rural,SC Commerce Final Recommendations PDF dated 2026-09-22; Governor filing announced 2026-09-23,2026-09-23,2026-09-23
45047970401,Greenwood,Rural,SC Commerce Final Recommendations PDF dated 2026-09-22; Governor filing announced 2026-09-23,2026-09-23,2026-09-23
45049920201,Hampton,Rural,SC Commerce Final Recommendations PDF dated 2026-09-22; Governor filing announced 2026-09-23,2026-09-23,2026-09-23
45051050600,Horry,Rural,SC Commerce Final Recommendations PDF dated 2026-09-22; Governor filing announced 2026-09-23,2026-09-23,2026-09-23
45051050700,Horry,Rural,SC Commerce Final Recommendations PDF dated 2026-09-22; Governor filing announced 2026-09-23,2026-09-23,2026-09-23
45051051406,Horry,Rural,SC Commerce Final Recommendations PDF dated 2026-09-22; Governor filing announced 2026-09-23,2026-09-23,2026-09-23
45051070300,Horry,Rural,SC Commerce Final Recommendations PDF dated 2026-09-22; Governor filing announced 2026-09-23,2026-09-23,2026-09-23
45053950301,Jasper,Rural,SC Commerce Final Recommendations PDF dated 2026-09-22; Governor filing announced 2026-09-23,2026-09-23,2026-09-23
45055970902,Kershaw,Rural,SC Commerce Final Recommendations PDF dated 2026-09-22; Governor filing announced 2026-09-23,2026-09-23,2026-09-23
45057010700,Lancaster,Rural,SC Commerce Final Recommendations PDF dated 2026-09-22; Governor filing announced 2026-09-23,2026-09-23,2026-09-23
45057010800,Lancaster,Rural,SC Commerce Final Recommendations PDF dated 2026-09-22; Governor filing announced 2026-09-23,2026-09-23,2026-09-23
45059920503,Laurens,Rural,SC Commerce Final Recommendations PDF dated 2026-09-22; Governor filing announced 2026-09-23,2026-09-23,2026-09-23
45059920600,Laurens,Rural,SC Commerce Final Recommendations PDF dated 2026-09-22; Governor filing announced 2026-09-23,2026-09-23,2026-09-23
45061920302,Lee,Rural,SC Commerce Final Recommendations PDF dated 2026-09-22; Governor filing announced 2026-09-23,2026-09-23,2026-09-23
45063020100,Lexington,Non-rural,SC Commerce Final Recommendations PDF dated 2026-09-22; Governor filing announced 2026-09-23,2026-09-23,2026-09-23
45063020300,Lexington,Non-rural,SC Commerce Final Recommendations PDF dated 2026-09-22; Governor filing announced 2026-09-23,2026-09-23,2026-09-23
45063020513,Lexington,Non-rural,SC Commerce Final Recommendations PDF dated 2026-09-22; Governor filing announced 2026-09-23,2026-09-23,2026-09-23
45067950200,Marion,Rural,SC Commerce Final Recommendations PDF dated 2026-09-22; Governor filing announced 2026-09-23,2026-09-23,2026-09-23
45067950600,Marion,Rural,SC Commerce Final Recommendations PDF dated 2026-09-22; Governor filing announced 2026-09-23,2026-09-23,2026-09-23
45069960100,Marlboro,Rural,SC Commerce Final Recommendations PDF dated 2026-09-22; Governor filing announced 2026-09-23,2026-09-23,2026-09-23
45069960302,Marlboro,Rural,SC Commerce Final Recommendations PDF dated 2026-09-22; Governor filing announced 2026-09-23,2026-09-23,2026-09-23
45065920300,McCormick,Rural,SC Commerce Final Recommendations PDF dated 2026-09-22; Governor filing announced 2026-09-23,2026-09-23,2026-09-23
45071950502,Newberry,Rural,SC Commerce Final Recommendations PDF dated 2026-09-22; Governor filing announced 2026-09-23,2026-09-23,2026-09-23
45073030403,Oconee,Rural,SC Commerce Final Recommendations PDF dated 2026-09-22; Governor filing announced 2026-09-23,2026-09-23,2026-09-23
45073030701,Oconee,Rural,SC Commerce Final Recommendations PDF dated 2026-09-22; Governor filing announced 2026-09-23,2026-09-23,2026-09-23
45075010200,Orangeburg,Rural,SC Commerce Final Recommendations PDF dated 2026-09-22; Governor filing announced 2026-09-23,2026-09-23,2026-09-23
45075010400,Orangeburg,Rural,SC Commerce Final Recommendations PDF dated 2026-09-22; Governor filing announced 2026-09-23,2026-09-23,2026-09-23
45075011100,Orangeburg,Rural,SC Commerce Final Recommendations PDF dated 2026-09-22; Governor filing announced 2026-09-23,2026-09-23,2026-09-23
45075011300,Orangeburg,Rural,SC Commerce Final Recommendations PDF dated 2026-09-22; Governor filing announced 2026-09-23,2026-09-23,2026-09-23
45075011400,Orangeburg,Rural,SC Commerce Final Recommendations PDF dated 2026-09-22; Governor filing announced 2026-09-23,2026-09-23,2026-09-23
45077010805,Pickens,Non-rural,SC Commerce Final Recommendations PDF dated 2026-09-22; Governor filing announced 2026-09-23,2026-09-23,2026-09-23
45077010806,Pickens,Non-rural,SC Commerce Final Recommendations PDF dated 2026-09-22; Governor filing announced 2026-09-23,2026-09-23,2026-09-23
45079001300,Richland,Non-rural,SC Commerce Final Recommendations PDF dated 2026-09-22; Governor filing announced 2026-09-23,2026-09-23,2026-09-23
45079001600,Richland,Non-rural,SC Commerce Final Recommendations PDF dated 2026-09-22; Governor filing announced 2026-09-23,2026-09-23,2026-09-23
45079002800,Richland,Non-rural,SC Commerce Final Recommendations PDF dated 2026-09-22; Governor filing announced 2026-09-23,2026-09-23,2026-09-23
45079003100,Richland,Non-rural,SC Commerce Final Recommendations PDF dated 2026-09-22; Governor filing announced 2026-09-23,2026-09-23,2026-09-23
45079010304,Richland,Non-rural,SC Commerce Final Recommendations PDF dated 2026-09-22; Governor filing announced 2026-09-23,2026-09-23,2026-09-23
45079010803,Richland,Non-rural,SC Commerce Final Recommendations PDF dated 2026-09-22; Governor filing announced 2026-09-23,2026-09-23,2026-09-23
45079011608,Richland,Non-rural,SC Commerce Final Recommendations PDF dated 2026-09-22; Governor filing announced 2026-09-23,2026-09-23,2026-09-23
45079011702,Richland,Non-rural,SC Commerce Final Recommendations PDF dated 2026-09-22; Governor filing announced 2026-09-23,2026-09-23,2026-09-23
45079012000,Richland,Rural,SC Commerce Final Recommendations PDF dated 2026-09-22; Governor filing announced 2026-09-23,2026-09-23,2026-09-23
45081960202,Saluda,Rural,SC Commerce Final Recommendations PDF dated 2026-09-22; Governor filing announced 2026-09-23,2026-09-23,2026-09-23
45083020702,Spartanburg,Rural,SC Commerce Final Recommendations PDF dated 2026-09-22; Governor filing announced 2026-09-23,2026-09-23,2026-09-23
45083021001,Spartanburg,Rural,SC Commerce Final Recommendations PDF dated 2026-09-22; Governor filing announced 2026-09-23,2026-09-23,2026-09-23
45083021600,Spartanburg,Rural,SC Commerce Final Recommendations PDF dated 2026-09-22; Governor filing announced 2026-09-23,2026-09-23,2026-09-23
45083022202,Spartanburg,Rural,SC Commerce Final Recommendations PDF dated 2026-09-22; Governor filing announced 2026-09-23,2026-09-23,2026-09-23
45083023302,Spartanburg,Non-rural,SC Commerce Final Recommendations PDF dated 2026-09-22; Governor filing announced 2026-09-23,2026-09-23,2026-09-23
45083023602,Spartanburg,Rural,SC Commerce Final Recommendations PDF dated 2026-09-22; Governor filing announced 2026-09-23,2026-09-23,2026-09-23
45085001100,Sumter,Rural,SC Commerce Final Recommendations PDF dated 2026-09-22; Governor filing announced 2026-09-23,2026-09-23,2026-09-23
45085001300,Sumter,Rural,SC Commerce Final Recommendations PDF dated 2026-09-22; Governor filing announced 2026-09-23,2026-09-23,2026-09-23
45087030200,Union,Rural,SC Commerce Final Recommendations PDF dated 2026-09-22; Governor filing announced 2026-09-23,2026-09-23,2026-09-23
45087030402,Union,Rural,SC Commerce Final Recommendations PDF dated 2026-09-22; Governor filing announced 2026-09-23,2026-09-23,2026-09-23
45089970300,Williamsburg,Rural,SC Commerce Final Recommendations PDF dated 2026-09-22; Governor filing announced 2026-09-23,2026-09-23,2026-09-23
45089970601,Williamsburg,Rural,SC Commerce Final Recommendations PDF dated 2026-09-22; Governor filing announced 2026-09-23,2026-09-23,2026-09-23
45091060501,York,Non-rural,SC Commerce Final Recommendations PDF dated 2026-09-22; Governor filing announced 2026-09-23,2026-09-23,2026-09-23
45091061601,York,Rural,SC Commerce Final Recommendations PDF dated 2026-09-22; Governor filing announced 2026-09-23,2026-09-23,2026-09-23
45091061602,York,Rural,SC Commerce Final Recommendations PDF dated 2026-09-22; Governor filing announced 2026-09-23,2026-09-23,2026-09-23
